{
  "approved": {
    "cite_1_151546": {
      "id": "cite_1_151546",
      "original": "Ibn Muǧāhid, K. al-Sabʿah fī al-qirāʾāt, ed. Šawqī Ḍayf (Cairo: Dār al-Maʿārif, 1972)",
      "detected_form": "long",
      "detected_type": "monograph",
      "parsed": {
        "raw": "Ibn Muǧāhid, K. al-Sabʿah fī al-qirāʾāt, ed. Šawqī Ḍayf (Cairo: Dār al-Maʿārif, 1972)",
        "type": "monograph",
        "author": "Ibn Muǧāhid",
        "title": "K. al-Sabʿah fī al-qirāʾāt",
        "editor": "Šawqī Ḍayf",
        "volumes": null,
        "has_index": false,
        "series": null,
        "series_number": null,
        "is_reprint": false,
        "place": "Cairo",
        "publisher": "Dār al-Maʿārif",
        "year_hijri": null,
        "year_shamsi": null,
        "year_gregorian": "1972",
        "volume_cited": null,
        "page_cited": null,
        "entry_number": null,
        "section": null,
        "notes": null
      },
      "status": "approved",
      "adjudicated_at": "2026-01-21 15:16:36.9403"
    },
    "cite_2_151546": {
      "id": "cite_2_151546",
      "original": "Yāqūt al-Ḥamawī, Muʿǧam al-udabāʾ (= Iršād al-arīb ilā maʿrifat al-adīb), ed. Iḥsān ʿAbbās, 7 vols. with continuous pagination (Beirut: Dār al-Ġarb al-Islāmī, 1993), 2504",
      "detected_form": "long",
      "detected_type": "monograph",
      "parsed": {
        "raw": "Yāqūt al-Ḥamawī, Muʿǧam al-udabāʾ (= Iršād al-arīb ilā maʿrifat al-adīb), ed. Iḥsān ʿAbbās, 7 vols. with continuous pagination (Beirut: Dār al-Ġarb al-Islāmī, 1993), 2504",
        "type": "monograph",
        "author": "Yāqūt al-Ḥamawī",
        "title": "Muʿǧam al-udabāʾ (= Iršād al-arīb ilā maʿrifat al-adīb)",
        "editor": "Iḥsān ʿAbbās",
        "volumes": 7,
        "has_index": false,
        "series": null,
        "series_number": null,
        "is_reprint": false,
        "place": "= Iršād al-arīb ilā maʿrifat al-adīb), ed. Iḥsān ʿAbbās, 7 vols. with continuous pagination (Beirut",
        "publisher": "Dār al-Ġarb al-Islāmī",
        "year_hijri": null,
        "year_shamsi": null,
        "year_gregorian": "1993",
        "volume_cited": null,
        "page_cited": null,
        "entry_number": null,
        "section": null,
        "notes": null
      },
      "status": "approved",
      "adjudicated_at": "2026-01-21 15:16:38.378003"
    },
    "cite_3_151546": {
      "id": "cite_3_151546",
      "original": "Ibn Ḫālawayh, Iʿrāb al-qirāʾāt al-sabʿ bi-ʿilalihā, ed. ʿAbd al-Raḥmān b. Sulaymān al-ʿUṯaymīn, 2 vols. (Cairo: Maktabat al-Ḫānǧī, 1413/1992)",
      "detected_form": "long",
      "detected_type": "monograph",
      "parsed": {
        "raw": "Ibn Ḫālawayh, Iʿrāb al-qirāʾāt al-sabʿ bi-ʿilalihā, ed. ʿAbd al-Raḥmān b. Sulaymān al-ʿUṯaymīn, 2 vols. (Cairo: Maktabat al-Ḫānǧī, 1413/1992)",
        "type": "monograph",
        "author": "Ibn Ḫālawayh",
        "title": "Iʿrāb al-qirāʾāt al-sabʿ bi-ʿilalihā",
        "editor": "ʿAbd al-Raḥmān b. Sulaymān al-ʿUṯaymīn, 2 vols.",
        "volumes": 2,
        "has_index": false,
        "series": null,
        "series_number": null,
        "is_reprint": false,
        "place": "Cairo",
        "publisher": "Maktabat al-Ḫānǧī",
        "year_hijri": "1413",
        "year_shamsi": null,
        "year_gregorian": "1992",
        "volume_cited": null,
        "page_cited": null,
        "entry_number": null,
        "section": null,
        "notes": null
      },
      "status": "approved",
      "adjudicated_at": "2026-01-21 15:16:40.016397"
    },
    "cite_4_151546": {
      "id": "cite_4_151546",
      "original": "Abū ʿAlī al-Fārsī, al-Ḥuǧǧah fī ʿilal al-qirāʾāt al-sabʿ aʾimmat al-amṣār bi-l-Ḥiǧāz wa-l-ʿIrāq wa-l-Šām allaḏīna ḏakarahum ʾAbū Bakr b. Muǧāhid, ed. ʿAlī al-Naǧdī Nāṣif, ʿAbd al-Ḥalīm al-Naǧǧār, and ʿAbd al-Fattāḥ Šalabī and reviewed by Muḥammad ʿAlī al-Naǧǧār, 7 vols. (Cairo: Dār al-Kātib al-ʿArabī, 1969)",
      "detected_form": "long",
      "detected_type": "monograph",
      "parsed": {
        "raw": "Abū ʿAlī al-Fārsī, al-Ḥuǧǧah fī ʿilal al-qirāʾāt al-sabʿ aʾimmat al-amṣār bi-l-Ḥiǧāz wa-l-ʿIrāq wa-l-Šām allaḏīna ḏakarahum ʾAbū Bakr b. Muǧāhid, ed. ʿAlī al-Naǧdī Nāṣif, ʿAbd al-Ḥalīm al-Naǧǧār, and ʿAbd al-Fattāḥ Šalabī and reviewed by Muḥammad ʿAlī al-Naǧǧār, 7 vols. (Cairo: Dār al-Kātib al-ʿArabī, 1969)",
        "type": "monograph",
        "author": "Abū ʿAlī al-Fārsī",
        "title": "al-Ḥuǧǧah fī ʿilal al-qirāʾāt al-sabʿ aʾimmat al-amṣār bi-l-Ḥiǧāz wa-l-ʿIrāq wa-l-Šām allaḏīna ḏakarahum ʾAbū Bakr b. Muǧāhid",
        "editor": "ʿAlī al-Naǧdī Nāṣif, ʿAbd al-Ḥalīm al-Naǧǧār, and ʿAbd al-Fattāḥ Šalabī and reviewed by Muḥammad ʿAlī al-Naǧǧār, 7 vols.",
        "volumes": 7,
        "has_index": false,
        "series": null,
        "series_number": null,
        "is_reprint": false,
        "place": "Cairo",
        "publisher": "Dār al-Kātib al-ʿArabī",
        "year_hijri": null,
        "year_shamsi": null,
        "year_gregorian": "1969",
        "volume_cited": null,
        "page_cited": null,
        "entry_number": null,
        "section": null,
        "notes": null
      },
      "status": "approved",
      "adjudicated_at": "2026-01-21 15:16:41.746535"
    },
    "cite_5_151546": {
      "id": "cite_5_151546",
      "original": "Abū al-Fidāʾ Ibn Kaṯīr, K. al-Bidāyah wa-l-nihāyah, ed. ʿAbd al-Raḥmān b. ʿAbd al-Muḥsin al-Turkī, 20 vols. + Index (Giza: Dār al-Hiǧr, 1427–1429/1997–2000), 15:430 (§ sanat 378)",
      "detected_form": "long",
      "detected_type": "monograph",
      "parsed": {
        "raw": "Abū al-Fidāʾ Ibn Kaṯīr, K. al-Bidāyah wa-l-nihāyah, ed. ʿAbd al-Raḥmān b. ʿAbd al-Muḥsin al-Turkī, 20 vols. + Index (Giza: Dār al-Hiǧr, 1427–1429/1997–2000), 15:430 (§ sanat 378)",
        "type": "monograph",
        "author": "Abū al-Fidāʾ Ibn Kaṯīr",
        "title": "K. al-Bidāyah wa-l-nihāyah",
        "editor": "ʿAbd al-Raḥmān b. ʿAbd al-Muḥsin al-Turkī",
        "volumes": 20,
        "has_index": true,
        "series": null,
        "series_number": null,
        "is_reprint": false,
        "place": "Giza",
        "publisher": "Dār al-Hiǧr",
        "year_hijri": "1427–1429",
        "year_shamsi": null,
        "year_gregorian": "1997–2000",
        "volume_cited": "15",
        "page_cited": "430",
        "entry_number": null,
        "section": "sanat 378",
        "notes": null
      },
      "status": "approved",
      "adjudicated_at": "2026-01-21 15:16:58.697219"
    },
    "cite_8_151546": {
      "id": "cite_8_151546",
      "original": "Abū al-Ṭayyib Ibn Ġalbūn, Infirādāt al-qurrāʾ al-sabʿah, ed. Usāmah b. al-ʿArabī and reviewed by Fatḥī b. al-Šarīf al-ʿUbaydī (Beirut and Tunis: Dār al-Mālikiyyah, 1444/2023).",
      "detected_form": "long",
      "detected_type": "monograph",
      "parsed": {
        "raw": "Abū al-Ṭayyib Ibn Ġalbūn, Infirādāt al-qurrāʾ al-sabʿah, ed. Usāmah b. al-ʿArabī and reviewed by Fatḥī b. al-Šarīf al-ʿUbaydī (Beirut and Tunis: Dār al-Mālikiyyah, 1444/2023).",
        "type": "monograph",
        "author": "Abū al-Ṭayyib Ibn Ġalbūn",
        "title": "Infirādāt al-qurrāʾ al-sabʿah",
        "editor": "Usāmah b. al-ʿArabī and reviewed by Fatḥī b. al-Šarīf al-ʿUbaydī",
        "volumes": null,
        "has_index": false,
        "series": null,
        "series_number": null,
        "is_reprint": false,
        "place": "Beirut and Tunis",
        "publisher": "Dār al-Mālikiyyah",
        "year_hijri": "1444",
        "year_shamsi": null,
        "year_gregorian": "2023",
        "volume_cited": null,
        "page_cited": null,
        "entry_number": null,
        "section": null,
        "notes": null
      },
      "status": "approved",
      "adjudicated_at": "2026-01-21 15:19:08.100141"
    },
    "cite_9_151546": {
      "id": "cite_9_151546",
      "original": "Ibn Sufyān al-Qayrawānī, al-Hādī fī al-qirāʾāt al-sabʿ, ed. Ḫālid Ḥasan ʾAbū al-Ǧūd (Cairo: Dār ʿIbād al-Raḥmān, 1432/2011)",
      "detected_form": "long",
      "detected_type": "monograph",
      "parsed": {
        "raw": "Ibn Sufyān al-Qayrawānī, al-Hādī fī al-qirāʾāt al-sabʿ, ed. Ḫālid Ḥasan ʾAbū al-Ǧūd (Cairo: Dār ʿIbād al-Raḥmān, 1432/2011)",
        "type": "monograph",
        "author": "Ibn Sufyān al-Qayrawānī",
        "title": "al-Hādī fī al-qirāʾāt al-sabʿ",
        "editor": "Ḫālid Ḥasan ʾAbū al-Ǧūd",
        "volumes": null,
        "has_index": false,
        "series": null,
        "series_number": null,
        "is_reprint": false,
        "place": "Cairo",
        "publisher": "Dār ʿIbād al-Raḥmān",
        "year_hijri": "1432",
        "year_shamsi": null,
        "year_gregorian": "2011",
        "volume_cited": null,
        "page_cited": null,
        "entry_number": null,
        "section": null,
        "notes": null
      },
      "status": "approved",
      "adjudicated_at": "2026-01-21 15:19:14.62649"
    },
    "cite_10_151546": {
      "id": "cite_10_151546",
      "original": "Makkī b. Abī Ṭālib al-Qayrawānī, Kašf ʿan wuǧūh al-qirāʾāt al-sabʿ wa-ʿilalihā wa-ḥuǧaǧihā, ed. Muḥyī al-Dīn ʿAbd al-Raḥmān Ramaḍān, 2 vols. (Damascus: Maǧmaʿ al-Luġah al-ʿArabiyyah bi-Dimašq, 1394/1974), with many reprints from Beirut: Muʾassasat al-Risālah.",
      "detected_form": "long",
      "detected_type": "monograph",
      "parsed": {
        "raw": "Makkī b. Abī Ṭālib al-Qayrawānī, Kašf ʿan wuǧūh al-qirāʾāt al-sabʿ wa-ʿilalihā wa-ḥuǧaǧihā, ed. Muḥyī al-Dīn ʿAbd al-Raḥmān Ramaḍān, 2 vols. (Damascus: Maǧmaʿ al-Luġah al-ʿArabiyyah bi-Dimašq, 1394/1974), with many reprints from Beirut: Muʾassasat al-Risālah.",
        "type": "monograph",
        "author": "Makkī b. Abī Ṭālib al-Qayrawānī",
        "title": "Kašf ʿan wuǧūh al-qirāʾāt al-sabʿ wa-ʿilalihā wa-ḥuǧaǧihā",
        "editor": "Muḥyī al-Dīn ʿAbd al-Raḥmān Ramaḍān, 2 vols.",
        "volumes": 2,
        "has_index": false,
        "series": null,
        "series_number": null,
        "is_reprint": true,
        "place": "Damascus",
        "publisher": "Maǧmaʿ al-Luġah al-ʿArabiyyah bi-Dimašq",
        "year_hijri": "1394",
        "year_shamsi": null,
        "year_gregorian": "1974",
        "volume_cited": null,
        "page_cited": null,
        "entry_number": null,
        "section": null,
        "notes": null
      },
      "status": "approved",
      "adjudicated_at": "2026-01-21 15:19:26.941148"
    },
    "cite_12_151546": {
      "id": "cite_12_151546",
      "original": "ʿAlī Šawwāḫ Isḥāq, Muʿǧam muṣannafāt al-Qurʾān al-Karīm, 4 vols. (Riyadh: Dār al-Rifāʿī, 1404/1984), 4:101 №2831.",
      "detected_form": "long",
      "detected_type": "monograph",
      "parsed": {
        "raw": "ʿAlī Šawwāḫ Isḥāq, Muʿǧam muṣannafāt al-Qurʾān al-Karīm, 4 vols. (Riyadh: Dār al-Rifāʿī, 1404/1984), 4:101 №2831.",
        "type": "monograph",
        "author": "ʿAlī Šawwāḫ Isḥāq",
        "title": null,
        "editor": null,
        "volumes": 4,
        "has_index": false,
        "series": null,
        "series_number": null,
        "is_reprint": false,
        "place": "Riyadh",
        "publisher": "Dār al-Rifāʿī",
        "year_hijri": "1404",
        "year_shamsi": null,
        "year_gregorian": "1984",
        "volume_cited": "4",
        "page_cited": "101",
        "entry_number": "2831",
        "section": null,
        "notes": null
      },
      "status": "approved",
      "adjudicated_at": "2026-01-21 15:19:45.786133"
    }
  },
  "corrected": {
    "cite_13_151546": {
      "id": "cite_13_151546",
      "original": "Abū ʿAbd Allāh Ibn Ġāzī, Fihris Ibn Ġāzī, ed. Muḥammad al-Zāhī (Tunis: Dār Bū Salāmah li-l-Ṭibāʿah wa-l-Našr, N.D.), 93 (§ al-Mufradāt li-Abī ʿAbd Allāh b. Šurayḥ wa-ibnuhū Abī al-Ḥasan Šurayḥ).",
      "detected_form": "unknown",
      "detected_type": "unknown",
      "parsed": {
        "raw": "Abū ʿAbd Allāh Ibn Ġāzī, Fihris Ibn Ġāzī, ed. Muḥammad al-Zāhī (Tunis: Dār Bū Salāmah li-l-Ṭibāʿah wa-l-Našr, N.D.), 93 (§ al-Mufradāt li-Abī ʿAbd Allāh b. Šurayḥ wa-ibnuhū Abī al-Ḥasan Šurayḥ).",
        "type": "unknown"
      },
      "status": "corrected",
      "corrections": [],
      "adjudicated_at": "2026-01-21 15:20:04.402584"
    },
    "cite_12_151546": {
      "id": "cite_12_151546",
      "original": "ʿAlī Šawwāḫ Isḥāq, Muʿǧam muṣannafāt al-Qurʾān al-Karīm, 4 vols. (Riyadh: Dār al-Rifāʿī, 1404/1984), 4:101 №2831.",
      "detected_form": "long",
      "detected_type": "monograph",
      "parsed": {
        "raw": "ʿAlī Šawwāḫ Isḥāq, Muʿǧam muṣannafāt al-Qurʾān al-Karīm, 4 vols. (Riyadh: Dār al-Rifāʿī, 1404/1984), 4:101 №2831.",
        "type": "monograph",
        "author": "ʿAlī Šawwāḫ Isḥāq",
        "title": null,
        "editor": null,
        "volumes": 4,
        "has_index": false,
        "series": null,
        "series_number": null,
        "is_reprint": false,
        "place": "Riyadh",
        "publisher": "Dār al-Rifāʿī",
        "year_hijri": "1404",
        "year_shamsi": null,
        "year_gregorian": "1984",
        "volume_cited": "4",
        "page_cited": "101",
        "entry_number": "2831",
        "section": null,
        "notes": null
      },
      "status": "corrected",
      "adjudicated_at": "2026-01-21 15:20:10.877645",
      "corrections": {
        "author": "ʿAlī Šawwāḫ Isḥāq",
        "title": "",
        "editor": "",
        "place": "Riyadh",
        "publisher": "Dār al-Rifāʿī",
        "year": "1404/1984",
        "volumes": "4",
        "volpage": "4:101",
        "entry_number": "2831",
        "section": ""
      }
    },
    "cite_11_151546": {
      "id": "cite_11_151546",
      "original": "NB here the specification of an indeterminate number of reprints from Beirut [place of publication] Muʾassasat al-Risālah [name of publisher]",
      "detected_form": "unknown",
      "detected_type": "unknown",
      "parsed": {
        "raw": "NB here the specification of an indeterminate number of reprints from Beirut [place of publication] Muʾassasat al-Risālah [name of publisher]",
        "type": "unknown"
      },
      "status": "corrected",
      "adjudicated_at": "2026-01-21 15:20:11.974936",
      "corrections": []
    },
    "cite_10_151546": {
      "id": "cite_10_151546",
      "original": "Makkī b. Abī Ṭālib al-Qayrawānī, Kašf ʿan wuǧūh al-qirāʾāt al-sabʿ wa-ʿilalihā wa-ḥuǧaǧihā, ed. Muḥyī al-Dīn ʿAbd al-Raḥmān Ramaḍān, 2 vols. (Damascus: Maǧmaʿ al-Luġah al-ʿArabiyyah bi-Dimašq, 1394/1974), with many reprints from Beirut: Muʾassasat al-Risālah.",
      "detected_form": "long",
      "detected_type": "monograph",
      "parsed": {
        "raw": "Makkī b. Abī Ṭālib al-Qayrawānī, Kašf ʿan wuǧūh al-qirāʾāt al-sabʿ wa-ʿilalihā wa-ḥuǧaǧihā, ed. Muḥyī al-Dīn ʿAbd al-Raḥmān Ramaḍān, 2 vols. (Damascus: Maǧmaʿ al-Luġah al-ʿArabiyyah bi-Dimašq, 1394/1974), with many reprints from Beirut: Muʾassasat al-Risālah.",
        "type": "monograph",
        "author": "Makkī b. Abī Ṭālib al-Qayrawānī",
        "title": "Kašf ʿan wuǧūh al-qirāʾāt al-sabʿ wa-ʿilalihā wa-ḥuǧaǧihā",
        "editor": "Muḥyī al-Dīn ʿAbd al-Raḥmān Ramaḍān, 2 vols.",
        "volumes": 2,
        "has_index": false,
        "series": null,
        "series_number": null,
        "is_reprint": true,
        "place": "Damascus",
        "publisher": "Maǧmaʿ al-Luġah al-ʿArabiyyah bi-Dimašq",
        "year_hijri": "1394",
        "year_shamsi": null,
        "year_gregorian": "1974",
        "volume_cited": null,
        "page_cited": null,
        "entry_number": null,
        "section": null,
        "notes": null
      },
      "status": "corrected",
      "adjudicated_at": "2026-01-21 15:20:14.373898",
      "corrections": {
        "author": "Makkī b. Abī Ṭālib al-Qayrawānī",
        "title": "Kašf ʿan wuǧūh al-qirāʾāt al-sabʿ wa-ʿilalihā wa-ḥuǧaǧihā",
        "editor": "Muḥyī al-Dīn ʿAbd al-Raḥmān Ramaḍān, 2 vols.",
        "place": "Damascus",
        "publisher": "Maǧmaʿ al-Luġah al-ʿArabiyyah bi-Dimašq",
        "year": "1394/1974",
        "volumes": "2",
        "volpage": "NA:NA",
        "entry_number": "",
        "section": ""
      }
    },
    "cite_1_151546": {
      "id": "cite_1_151546",
      "original": "Ibn Muǧāhid, K. al-Sabʿah fī al-qirāʾāt, ed. Šawqī Ḍayf (Cairo: Dār al-Maʿārif, 1972)",
      "detected_form": "long",
      "detected_type": "monograph",
      "parsed": {
        "raw": "Ibn Muǧāhid, K. al-Sabʿah fī al-qirāʾāt, ed. Šawqī Ḍayf (Cairo: Dār al-Maʿārif, 1972)",
        "type": "monograph",
        "author": "Ibn Muǧāhid",
        "title": "K. al-Sabʿah fī al-qirāʾāt",
        "editor": "Šawqī Ḍayf",
        "volumes": null,
        "has_index": false,
        "series": null,
        "series_number": null,
        "is_reprint": false,
        "place": "Cairo",
        "publisher": "Dār al-Maʿārif",
        "year_hijri": null,
        "year_shamsi": null,
        "year_gregorian": "1972",
        "volume_cited": null,
        "page_cited": null,
        "entry_number": null,
        "section": null,
        "notes": null
      },
      "status": "corrected",
      "adjudicated_at": "2026-01-21 15:20:17.723413",
      "corrections": {
        "author": "Ibn Muǧāhid",
        "title": "K. al-Sabʿah fī al-qirāʾāt",
        "editor": "Šawqī Ḍayf",
        "place": "Cairo",
        "publisher": "Dār al-Maʿārif",
        "year": "NA/1972",
        "volumes": "",
        "volpage": "NA:NA",
        "entry_number": "",
        "section": ""
      }
    },
    "cite_2_151546": {
      "id": "cite_2_151546",
      "original": "Yāqūt al-Ḥamawī, Muʿǧam al-udabāʾ (= Iršād al-arīb ilā maʿrifat al-adīb), ed. Iḥsān ʿAbbās, 7 vols. with continuous pagination (Beirut: Dār al-Ġarb al-Islāmī, 1993), 2504",
      "detected_form": "long",
      "detected_type": "monograph",
      "parsed": {
        "raw": "Yāqūt al-Ḥamawī, Muʿǧam al-udabāʾ (= Iršād al-arīb ilā maʿrifat al-adīb), ed. Iḥsān ʿAbbās, 7 vols. with continuous pagination (Beirut: Dār al-Ġarb al-Islāmī, 1993), 2504",
        "type": "monograph",
        "author": "Yāqūt al-Ḥamawī",
        "title": "Muʿǧam al-udabāʾ (= Iršād al-arīb ilā maʿrifat al-adīb)",
        "editor": "Iḥsān ʿAbbās",
        "volumes": 7,
        "has_index": false,
        "series": null,
        "series_number": null,
        "is_reprint": false,
        "place": "= Iršād al-arīb ilā maʿrifat al-adīb), ed. Iḥsān ʿAbbās, 7 vols. with continuous pagination (Beirut",
        "publisher": "Dār al-Ġarb al-Islāmī",
        "year_hijri": null,
        "year_shamsi": null,
        "year_gregorian": "1993",
        "volume_cited": null,
        "page_cited": null,
        "entry_number": null,
        "section": null,
        "notes": null
      },
      "status": "corrected",
      "adjudicated_at": "2026-01-21 15:20:20.554644",
      "corrections": {
        "author": "Yāqūt al-Ḥamawī",
        "title": "Muʿǧam al-udabāʾ (= Iršād al-arīb ilā maʿrifat al-adīb)",
        "editor": "Iḥsān ʿAbbās",
        "place": "= Iršād al-arīb ilā maʿrifat al-adīb), ed. Iḥsān ʿAbbās, 7 vols. with continuous pagination (Beirut",
        "publisher": "Dār al-Ġarb al-Islāmī",
        "year": "NA/1993",
        "volumes": "7",
        "volpage": "NA:NA",
        "entry_number": "",
        "section": ""
      }
    },
    "cite_3_151546": {
      "id": "cite_3_151546",
      "original": "Ibn Ḫālawayh, Iʿrāb al-qirāʾāt al-sabʿ bi-ʿilalihā, ed. ʿAbd al-Raḥmān b. Sulaymān al-ʿUṯaymīn, 2 vols. (Cairo: Maktabat al-Ḫānǧī, 1413/1992)",
      "detected_form": "long",
      "detected_type": "monograph",
      "parsed": {
        "raw": "Ibn Ḫālawayh, Iʿrāb al-qirāʾāt al-sabʿ bi-ʿilalihā, ed. ʿAbd al-Raḥmān b. Sulaymān al-ʿUṯaymīn, 2 vols. (Cairo: Maktabat al-Ḫānǧī, 1413/1992)",
        "type": "monograph",
        "author": "Ibn Ḫālawayh",
        "title": "Iʿrāb al-qirāʾāt al-sabʿ bi-ʿilalihā",
        "editor": "ʿAbd al-Raḥmān b. Sulaymān al-ʿUṯaymīn, 2 vols.",
        "volumes": 2,
        "has_index": false,
        "series": null,
        "series_number": null,
        "is_reprint": false,
        "place": "Cairo",
        "publisher": "Maktabat al-Ḫānǧī",
        "year_hijri": "1413",
        "year_shamsi": null,
        "year_gregorian": "1992",
        "volume_cited": null,
        "page_cited": null,
        "entry_number": null,
        "section": null,
        "notes": null
      },
      "status": "corrected",
      "adjudicated_at": "2026-01-21 15:20:23.562974",
      "corrections": {
        "author": "Ibn Ḫālawayh",
        "title": "Iʿrāb al-qirāʾāt al-sabʿ bi-ʿilalihā",
        "editor": "ʿAbd al-Raḥmān b. Sulaymān al-ʿUṯaymīn, 2 vols.",
        "place": "Cairo",
        "publisher": "Maktabat al-Ḫānǧī",
        "year": "1413/1992",
        "volumes": "2",
        "volpage": "NA:NA",
        "entry_number": "",
        "section": ""
      }
    },
    "cite_4_151546": {
      "id": "cite_4_151546",
      "original": "Abū ʿAlī al-Fārsī, al-Ḥuǧǧah fī ʿilal al-qirāʾāt al-sabʿ aʾimmat al-amṣār bi-l-Ḥiǧāz wa-l-ʿIrāq wa-l-Šām allaḏīna ḏakarahum ʾAbū Bakr b. Muǧāhid, ed. ʿAlī al-Naǧdī Nāṣif, ʿAbd al-Ḥalīm al-Naǧǧār, and ʿAbd al-Fattāḥ Šalabī and reviewed by Muḥammad ʿAlī al-Naǧǧār, 7 vols. (Cairo: Dār al-Kātib al-ʿArabī, 1969)",
      "detected_form": "long",
      "detected_type": "monograph",
      "parsed": {
        "raw": "Abū ʿAlī al-Fārsī, al-Ḥuǧǧah fī ʿilal al-qirāʾāt al-sabʿ aʾimmat al-amṣār bi-l-Ḥiǧāz wa-l-ʿIrāq wa-l-Šām allaḏīna ḏakarahum ʾAbū Bakr b. Muǧāhid, ed. ʿAlī al-Naǧdī Nāṣif, ʿAbd al-Ḥalīm al-Naǧǧār, and ʿAbd al-Fattāḥ Šalabī and reviewed by Muḥammad ʿAlī al-Naǧǧār, 7 vols. (Cairo: Dār al-Kātib al-ʿArabī, 1969)",
        "type": "monograph",
        "author": "Abū ʿAlī al-Fārsī",
        "title": "al-Ḥuǧǧah fī ʿilal al-qirāʾāt al-sabʿ aʾimmat al-amṣār bi-l-Ḥiǧāz wa-l-ʿIrāq wa-l-Šām allaḏīna ḏakarahum ʾAbū Bakr b. Muǧāhid",
        "editor": "ʿAlī al-Naǧdī Nāṣif, ʿAbd al-Ḥalīm al-Naǧǧār, and ʿAbd al-Fattāḥ Šalabī and reviewed by Muḥammad ʿAlī al-Naǧǧār, 7 vols.",
        "volumes": 7,
        "has_index": false,
        "series": null,
        "series_number": null,
        "is_reprint": false,
        "place": "Cairo",
        "publisher": "Dār al-Kātib al-ʿArabī",
        "year_hijri": null,
        "year_shamsi": null,
        "year_gregorian": "1969",
        "volume_cited": null,
        "page_cited": null,
        "entry_number": null,
        "section": null,
        "notes": null
      },
      "status": "corrected",
      "adjudicated_at": "2026-01-21 15:20:26.224472",
      "corrections": {
        "author": "Abū ʿAlī al-Fārsī",
        "title": "al-Ḥuǧǧah fī ʿilal al-qirāʾāt al-sabʿ aʾimmat al-amṣār bi-l-Ḥiǧāz wa-l-ʿIrāq wa-l-Šām allaḏīna ḏakarahum ʾAbū Bakr b. Muǧāhid",
        "editor": "ʿAlī al-Naǧdī Nāṣif, ʿAbd al-Ḥalīm al-Naǧǧār, and ʿAbd al-Fattāḥ Šalabī and reviewed by Muḥammad ʿAlī al-Naǧǧār, 7 vols.",
        "place": "Cairo",
        "publisher": "Dār al-Kātib al-ʿArabī",
        "year": "NA/1969",
        "volumes": "7",
        "volpage": "NA:NA",
        "entry_number": "",
        "section": ""
      }
    },
    "cite_5_151546": {
      "id": "cite_5_151546",
      "original": "Abū al-Fidāʾ Ibn Kaṯīr, K. al-Bidāyah wa-l-nihāyah, ed. ʿAbd al-Raḥmān b. ʿAbd al-Muḥsin al-Turkī, 20 vols. + Index (Giza: Dār al-Hiǧr, 1427–1429/1997–2000), 15:430 (§ sanat 378)",
      "detected_form": "long",
      "detected_type": "monograph",
      "parsed": {
        "raw": "Abū al-Fidāʾ Ibn Kaṯīr, K. al-Bidāyah wa-l-nihāyah, ed. ʿAbd al-Raḥmān b. ʿAbd al-Muḥsin al-Turkī, 20 vols. + Index (Giza: Dār al-Hiǧr, 1427–1429/1997–2000), 15:430 (§ sanat 378)",
        "type": "monograph",
        "author": "Abū al-Fidāʾ Ibn Kaṯīr",
        "title": "K. al-Bidāyah wa-l-nihāyah",
        "editor": "ʿAbd al-Raḥmān b. ʿAbd al-Muḥsin al-Turkī",
        "volumes": 20,
        "has_index": true,
        "series": null,
        "series_number": null,
        "is_reprint": false,
        "place": "Giza",
        "publisher": "Dār al-Hiǧr",
        "year_hijri": "1427–1429",
        "year_shamsi": null,
        "year_gregorian": "1997–2000",
        "volume_cited": "15",
        "page_cited": "430",
        "entry_number": null,
        "section": "sanat 378",
        "notes": null
      },
      "status": "corrected",
      "adjudicated_at": "2026-01-21 15:20:28.750506",
      "corrections": {
        "author": "Abū al-Fidāʾ Ibn Kaṯīr",
        "title": "K. al-Bidāyah wa-l-nihāyah",
        "editor": "ʿAbd al-Raḥmān b. ʿAbd al-Muḥsin al-Turkī",
        "place": "Giza",
        "publisher": "Dār al-Hiǧr",
        "year": "1427–1429/1997–2000",
        "volumes": "20",
        "volpage": "15:430",
        "entry_number": "",
        "section": "sanat 378"
      }
    },
    "cite_6_151546": {
      "id": "cite_6_151546",
      "original": "Abū Muḥammad al-Ǧāwilī, Nikāt al-Qurʾān, eds. Namšah bt. ʿAbd Allāh al-Ṭawwālah, ʿĀʾišah bt. Muḥammad al-Šalawī, Nusaybah bt. ʿAbd al-ʿAzīz al-Rāšid, and Dallāl bt. Kūyarān? al-Sulamī, 2 vols. (Riyadh: Dār Kunūz Išbīliyā, 1441/2019)",
      "detected_form": "long",
      "detected_type": "monograph",
      "parsed": {
        "raw": "Abū Muḥammad al-Ǧāwilī, Nikāt al-Qurʾān, eds. Namšah bt. ʿAbd Allāh al-Ṭawwālah, ʿĀʾišah bt. Muḥammad al-Šalawī, Nusaybah bt. ʿAbd al-ʿAzīz al-Rāšid, and Dallāl bt. Kūyarān? al-Sulamī, 2 vols. (Riyadh: Dār Kunūz Išbīliyā, 1441/2019)",
        "type": "monograph",
        "author": "Abū Muḥammad al-Ǧāwilī",
        "title": null,
        "editor": null,
        "volumes": 2,
        "has_index": false,
        "series": null,
        "series_number": null,
        "is_reprint": false,
        "place": "Riyadh",
        "publisher": "Dār Kunūz Išbīliyā",
        "year_hijri": "1441",
        "year_shamsi": null,
        "year_gregorian": "2019",
        "volume_cited": null,
        "page_cited": null,
        "entry_number": null,
        "section": null,
        "notes": null
      },
      "status": "corrected",
      "corrections": {
        "author": "Abū Muḥammad al-Ǧāwilī",
        "title": "",
        "editor": "",
        "place": "Riyadh",
        "publisher": "Dār Kunūz Išbīliyā",
        "year": "1441/2019",
        "volumes": "2",
        "volpage": "NA:NA",
        "entry_number": "",
        "section": ""
      },
      "adjudicated_at": "2026-01-21 15:20:31.4781"
    },
    "cite_7_151546": {
      "id": "cite_7_151546",
      "original": "Abū al-Ṭayyib Ibn Ġalbūn, al-Iršād fī al-qirāʾāt ʿan al-aʾimmah al-sabʿah wa-šarḥ uṣūlihim, ed. Ṣalāḥ al-Dīn Sāyir Farḥān al-ʿUbaydī (Beirut: Dār Ibn Ḥazm and Takrīt Maktabat al-Amīr, 2015), 647.",
      "detected_form": "long",
      "detected_type": "monograph",
      "parsed": {
        "raw": "Abū al-Ṭayyib Ibn Ġalbūn, al-Iršād fī al-qirāʾāt ʿan al-aʾimmah al-sabʿah wa-šarḥ uṣūlihim, ed. Ṣalāḥ al-Dīn Sāyir Farḥān al-ʿUbaydī (Beirut: Dār Ibn Ḥazm and Takrīt Maktabat al-Amīr, 2015), 647.",
        "type": "monograph",
        "author": "Abū al-Ṭayyib Ibn Ġalbūn",
        "title": "al-Iršād fī al-qirāʾāt ʿan al-aʾimmah al-sabʿah wa-šarḥ uṣūlihim",
        "editor": "Ṣalāḥ al-Dīn Sāyir Farḥān al-ʿUbaydī",
        "volumes": null,
        "has_index": false,
        "series": null,
        "series_number": null,
        "is_reprint": false,
        "place": "Beirut",
        "publisher": "Dār Ibn Ḥazm and Takrīt Maktabat al-Amīr",
        "year_hijri": null,
        "year_shamsi": null,
        "year_gregorian": null,
        "volume_cited": null,
        "page_cited": null,
        "entry_number": null,
        "section": null,
        "notes": null
      },
      "status": "corrected",
      "adjudicated_at": "2026-01-21 15:20:34.428884",
      "corrections": {
        "author": "Abū al-Ṭayyib Ibn Ġalbūn",
        "title": "al-Iršād fī al-qirāʾāt ʿan al-aʾimmah al-sabʿah wa-šarḥ uṣūlihim",
        "editor": "Ṣalāḥ al-Dīn Sāyir Farḥān al-ʿUbaydī",
        "place": "Beirut",
        "publisher": "Dār Ibn Ḥazm and Takrīt Maktabat al-Amīr",
        "year": "NA/NA",
        "volumes": "",
        "volpage": "NA:NA",
        "entry_number": "",
        "section": ""
      }
    },
    "cite_8_151546": {
      "id": "cite_8_151546",
      "original": "Abū al-Ṭayyib Ibn Ġalbūn, Infirādāt al-qurrāʾ al-sabʿah, ed. Usāmah b. al-ʿArabī and reviewed by Fatḥī b. al-Šarīf al-ʿUbaydī (Beirut and Tunis: Dār al-Mālikiyyah, 1444/2023).",
      "detected_form": "long",
      "detected_type": "monograph",
      "parsed": {
        "raw": "Abū al-Ṭayyib Ibn Ġalbūn, Infirādāt al-qurrāʾ al-sabʿah, ed. Usāmah b. al-ʿArabī and reviewed by Fatḥī b. al-Šarīf al-ʿUbaydī (Beirut and Tunis: Dār al-Mālikiyyah, 1444/2023).",
        "type": "monograph",
        "author": "Abū al-Ṭayyib Ibn Ġalbūn",
        "title": "Infirādāt al-qurrāʾ al-sabʿah",
        "editor": "Usāmah b. al-ʿArabī and reviewed by Fatḥī b. al-Šarīf al-ʿUbaydī",
        "volumes": null,
        "has_index": false,
        "series": null,
        "series_number": null,
        "is_reprint": false,
        "place": "Beirut and Tunis",
        "publisher": "Dār al-Mālikiyyah",
        "year_hijri": "1444",
        "year_shamsi": null,
        "year_gregorian": "2023",
        "volume_cited": null,
        "page_cited": null,
        "entry_number": null,
        "section": null,
        "notes": null
      },
      "status": "corrected",
      "adjudicated_at": "2026-01-21 15:20:37.421952",
      "corrections": {
        "author": "Abū al-Ṭayyib Ibn Ġalbūn",
        "title": "Infirādāt al-qurrāʾ al-sabʿah",
        "editor": "Usāmah b. al-ʿArabī and reviewed by Fatḥī b. al-Šarīf al-ʿUbaydī",
        "place": "Beirut and Tunis",
        "publisher": "Dār al-Mālikiyyah",
        "year": "1444/2023",
        "volumes": "",
        "volpage": "NA:NA",
        "entry_number": "",
        "section": ""
      }
    },
    "cite_9_151546": {
      "id": "cite_9_151546",
      "original": "Ibn Sufyān al-Qayrawānī, al-Hādī fī al-qirāʾāt al-sabʿ, ed. Ḫālid Ḥasan ʾAbū al-Ǧūd (Cairo: Dār ʿIbād al-Raḥmān, 1432/2011)",
      "detected_form": "long",
      "detected_type": "monograph",
      "parsed": {
        "raw": "Ibn Sufyān al-Qayrawānī, al-Hādī fī al-qirāʾāt al-sabʿ, ed. Ḫālid Ḥasan ʾAbū al-Ǧūd (Cairo: Dār ʿIbād al-Raḥmān, 1432/2011)",
        "type": "monograph",
        "author": "Ibn Sufyān al-Qayrawānī",
        "title": "al-Hādī fī al-qirāʾāt al-sabʿ",
        "editor": "Ḫālid Ḥasan ʾAbū al-Ǧūd",
        "volumes": null,
        "has_index": false,
        "series": null,
        "series_number": null,
        "is_reprint": false,
        "place": "Cairo",
        "publisher": "Dār ʿIbād al-Raḥmān",
        "year_hijri": "1432",
        "year_shamsi": null,
        "year_gregorian": "2011",
        "volume_cited": null,
        "page_cited": null,
        "entry_number": null,
        "section": null,
        "notes": null
      },
      "status": "corrected",
      "adjudicated_at": "2026-01-21 15:20:40.079617",
      "corrections": {
        "author": "Ibn Sufyān al-Qayrawānī",
        "title": "al-Hādī fī al-qirāʾāt al-sabʿ",
        "editor": "Ḫālid Ḥasan ʾAbū al-Ǧūd",
        "place": "Cairo",
        "publisher": "Dār ʿIbād al-Raḥmān",
        "year": "1432/2011",
        "volumes": "",
        "volpage": "NA:NA",
        "entry_number": "",
        "section": ""
      }
    }
  },
  "rejected": {
    "cite_7_151546": {
      "id": "cite_7_151546",
      "original": "Abū al-Ṭayyib Ibn Ġalbūn, al-Iršād fī al-qirāʾāt ʿan al-aʾimmah al-sabʿah wa-šarḥ uṣūlihim, ed. Ṣalāḥ al-Dīn Sāyir Farḥān al-ʿUbaydī (Beirut: Dār Ibn Ḥazm and Takrīt Maktabat al-Amīr, 2015), 647.",
      "detected_form": "long",
      "detected_type": "monograph",
      "parsed": {
        "raw": "Abū al-Ṭayyib Ibn Ġalbūn, al-Iršād fī al-qirāʾāt ʿan al-aʾimmah al-sabʿah wa-šarḥ uṣūlihim, ed. Ṣalāḥ al-Dīn Sāyir Farḥān al-ʿUbaydī (Beirut: Dār Ibn Ḥazm and Takrīt Maktabat al-Amīr, 2015), 647.",
        "type": "monograph",
        "author": "Abū al-Ṭayyib Ibn Ġalbūn",
        "title": "al-Iršād fī al-qirāʾāt ʿan al-aʾimmah al-sabʿah wa-šarḥ uṣūlihim",
        "editor": "Ṣalāḥ al-Dīn Sāyir Farḥān al-ʿUbaydī",
        "volumes": null,
        "has_index": false,
        "series": null,
        "series_number": null,
        "is_reprint": false,
        "place": "Beirut",
        "publisher": "Dār Ibn Ḥazm and Takrīt Maktabat al-Amīr",
        "year_hijri": null,
        "year_shamsi": null,
        "year_gregorian": null,
        "volume_cited": null,
        "page_cited": null,
        "entry_number": null,
        "section": null,
        "notes": null
      },
      "status": "rejected",
      "adjudicated_at": "2026-01-21 15:17:52.08003"
    },
    "cite_11_151546": {
      "id": "cite_11_151546",
      "original": "NB here the specification of an indeterminate number of reprints from Beirut [place of publication] Muʾassasat al-Risālah [name of publisher]",
      "detected_form": "unknown",
      "detected_type": "unknown",
      "parsed": {
        "raw": "NB here the specification of an indeterminate number of reprints from Beirut [place of publication] Muʾassasat al-Risālah [name of publisher]",
        "type": "unknown"
      },
      "status": "rejected",
      "adjudicated_at": "2026-01-21 15:19:31.165381"
    }
  }
}
