{
  "approved": {
    "cite_1_151546": {
      "id": "cite_1_151546",
      "original": "Ibn Muǧāhid, K. al-Sabʿah fī al-qirāʾāt, ed. Šawqī Ḍayf (Cairo: Dār al-Maʿārif, 1972)",
      "detected_form": "long",
      "detected_type": "monograph",
      "parsed": {
        "raw": "Ibn Muǧāhid, K. al-Sabʿah fī al-qirāʾāt, ed. Šawqī Ḍayf (Cairo: Dār al-Maʿārif, 1972)",
        "type": "monograph",
        "author": "Ibn Muǧāhid",
        "title": "K. al-Sabʿah fī al-qirāʾāt",
        "editor": "Šawqī Ḍayf",
        "volumes": {},
        "has_index": false,
        "series": {},
        "series_number": {},
        "is_reprint": false,
        "place": "Cairo",
        "publisher": "Dār al-Maʿārif",
        "year_hijri": {},
        "year_shamsi": {},
        "year_gregorian": "1972",
        "volume_cited": {},
        "page_cited": {},
        "entry_number": {},
        "section": {},
        "notes": {}
      },
      "status": "approved",
      "adjudicated_at": "2026-01-21 15:16:36.9403"
    },
    "cite_2_151546": {
      "id": "cite_2_151546",
      "original": "Yāqūt al-Ḥamawī, Muʿǧam al-udabāʾ (= Iršād al-arīb ilā maʿrifat al-adīb), ed. Iḥsān ʿAbbās, 7 vols. with continuous pagination (Beirut: Dār al-Ġarb al-Islāmī, 1993), 2504",
      "detected_form": "long",
      "detected_type": "monograph",
      "parsed": {
        "raw": "Yāqūt al-Ḥamawī, Muʿǧam al-udabāʾ (= Iršād al-arīb ilā maʿrifat al-adīb), ed. Iḥsān ʿAbbās, 7 vols. with continuous pagination (Beirut: Dār al-Ġarb al-Islāmī, 1993), 2504",
        "type": "monograph",
        "author": "Yāqūt al-Ḥamawī",
        "title": "Muʿǧam al-udabāʾ (= Iršād al-arīb ilā maʿrifat al-adīb)",
        "editor": "Iḥsān ʿAbbās",
        "volumes": 7,
        "has_index": false,
        "series": {},
        "series_number": {},
        "is_reprint": false,
        "place": "= Iršād al-arīb ilā maʿrifat al-adīb), ed. Iḥsān ʿAbbās, 7 vols. with continuous pagination (Beirut",
        "publisher": "Dār al-Ġarb al-Islāmī",
        "year_hijri": {},
        "year_shamsi": {},
        "year_gregorian": "1993",
        "volume_cited": {},
        "page_cited": {},
        "entry_number": {},
        "section": {},
        "notes": {}
      },
      "status": "approved",
      "adjudicated_at": "2026-01-21 15:16:38.378003"
    },
    "cite_3_151546": {
      "id": "cite_3_151546",
      "original": "Ibn Ḫālawayh, Iʿrāb al-qirāʾāt al-sabʿ bi-ʿilalihā, ed. ʿAbd al-Raḥmān b. Sulaymān al-ʿUṯaymīn, 2 vols. (Cairo: Maktabat al-Ḫānǧī, 1413/1992)",
      "detected_form": "long",
      "detected_type": "monograph",
      "parsed": {
        "raw": "Ibn Ḫālawayh, Iʿrāb al-qirāʾāt al-sabʿ bi-ʿilalihā, ed. ʿAbd al-Raḥmān b. Sulaymān al-ʿUṯaymīn, 2 vols. (Cairo: Maktabat al-Ḫānǧī, 1413/1992)",
        "type": "monograph",
        "author": "Ibn Ḫālawayh",
        "title": "Iʿrāb al-qirāʾāt al-sabʿ bi-ʿilalihā",
        "editor": "ʿAbd al-Raḥmān b. Sulaymān al-ʿUṯaymīn, 2 vols.",
        "volumes": 2,
        "has_index": false,
        "series": {},
        "series_number": {},
        "is_reprint": false,
        "place": "Cairo",
        "publisher": "Maktabat al-Ḫānǧī",
        "year_hijri": "1413",
        "year_shamsi": {},
        "year_gregorian": "1992",
        "volume_cited": {},
        "page_cited": {},
        "entry_number": {},
        "section": {},
        "notes": {}
      },
      "status": "approved",
      "adjudicated_at": "2026-01-21 15:16:40.016397"
    },
    "cite_4_151546": {
      "id": "cite_4_151546",
      "original": "Abū ʿAlī al-Fārsī, al-Ḥuǧǧah fī ʿilal al-qirāʾāt al-sabʿ aʾimmat al-amṣār bi-l-Ḥiǧāz wa-l-ʿIrāq wa-l-Šām allaḏīna ḏakarahum ʾAbū Bakr b. Muǧāhid, ed. ʿAlī al-Naǧdī Nāṣif, ʿAbd al-Ḥalīm al-Naǧǧār, and ʿAbd al-Fattāḥ Šalabī and reviewed by Muḥammad ʿAlī al-Naǧǧār, 7 vols. (Cairo: Dār al-Kātib al-ʿArabī, 1969)",
      "detected_form": "long",
      "detected_type": "monograph",
      "parsed": {
        "raw": "Abū ʿAlī al-Fārsī, al-Ḥuǧǧah fī ʿilal al-qirāʾāt al-sabʿ aʾimmat al-amṣār bi-l-Ḥiǧāz wa-l-ʿIrāq wa-l-Šām allaḏīna ḏakarahum ʾAbū Bakr b. Muǧāhid, ed. ʿAlī al-Naǧdī Nāṣif, ʿAbd al-Ḥalīm al-Naǧǧār, and ʿAbd al-Fattāḥ Šalabī and reviewed by Muḥammad ʿAlī al-Naǧǧār, 7 vols. (Cairo: Dār al-Kātib al-ʿArabī, 1969)",
        "type": "monograph",
        "author": "Abū ʿAlī al-Fārsī",
        "title": "al-Ḥuǧǧah fī ʿilal al-qirāʾāt al-sabʿ aʾimmat al-amṣār bi-l-Ḥiǧāz wa-l-ʿIrāq wa-l-Šām allaḏīna ḏakarahum ʾAbū Bakr b. Muǧāhid",
        "editor": "ʿAlī al-Naǧdī Nāṣif, ʿAbd al-Ḥalīm al-Naǧǧār, and ʿAbd al-Fattāḥ Šalabī and reviewed by Muḥammad ʿAlī al-Naǧǧār, 7 vols.",
        "volumes": 7,
        "has_index": false,
        "series": {},
        "series_number": {},
        "is_reprint": false,
        "place": "Cairo",
        "publisher": "Dār al-Kātib al-ʿArabī",
        "year_hijri": {},
        "year_shamsi": {},
        "year_gregorian": "1969",
        "volume_cited": {},
        "page_cited": {},
        "entry_number": {},
        "section": {},
        "notes": {}
      },
      "status": "approved",
      "adjudicated_at": "2026-01-21 15:16:41.746535"
    },
    "cite_5_151546": {
      "id": "cite_5_151546",
      "original": "Abū al-Fidāʾ Ibn Kaṯīr, K. al-Bidāyah wa-l-nihāyah, ed. ʿAbd al-Raḥmān b. ʿAbd al-Muḥsin al-Turkī, 20 vols. + Index (Giza: Dār al-Hiǧr, 1427–1429/1997–2000), 15:430 (§ sanat 378)",
      "detected_form": "long",
      "detected_type": "monograph",
      "parsed": {
        "raw": "Abū al-Fidāʾ Ibn Kaṯīr, K. al-Bidāyah wa-l-nihāyah, ed. ʿAbd al-Raḥmān b. ʿAbd al-Muḥsin al-Turkī, 20 vols. + Index (Giza: Dār al-Hiǧr, 1427–1429/1997–2000), 15:430 (§ sanat 378)",
        "type": "monograph",
        "author": "Abū al-Fidāʾ Ibn Kaṯīr",
        "title": "K. al-Bidāyah wa-l-nihāyah",
        "editor": "ʿAbd al-Raḥmān b. ʿAbd al-Muḥsin al-Turkī",
        "volumes": 20,
        "has_index": true,
        "series": {},
        "series_number": {},
        "is_reprint": false,
        "place": "Giza",
        "publisher": "Dār al-Hiǧr",
        "year_hijri": "1427–1429",
        "year_shamsi": {},
        "year_gregorian": "1997–2000",
        "volume_cited": "15",
        "page_cited": "430",
        "entry_number": {},
        "section": "sanat 378",
        "notes": {}
      },
      "status": "approved",
      "adjudicated_at": "2026-01-21 15:16:58.697219"
    },
    "cite_8_151546": {
      "id": "cite_8_151546",
      "original": "Abū al-Ṭayyib Ibn Ġalbūn, Infirādāt al-qurrāʾ al-sabʿah, ed. Usāmah b. al-ʿArabī and reviewed by Fatḥī b. al-Šarīf al-ʿUbaydī (Beirut and Tunis: Dār al-Mālikiyyah, 1444/2023).",
      "detected_form": "long",
      "detected_type": "monograph",
      "parsed": {
        "raw": "Abū al-Ṭayyib Ibn Ġalbūn, Infirādāt al-qurrāʾ al-sabʿah, ed. Usāmah b. al-ʿArabī and reviewed by Fatḥī b. al-Šarīf al-ʿUbaydī (Beirut and Tunis: Dār al-Mālikiyyah, 1444/2023).",
        "type": "monograph",
        "author": "Abū al-Ṭayyib Ibn Ġalbūn",
        "title": "Infirādāt al-qurrāʾ al-sabʿah",
        "editor": "Usāmah b. al-ʿArabī and reviewed by Fatḥī b. al-Šarīf al-ʿUbaydī",
        "volumes": {},
        "has_index": false,
        "series": {},
        "series_number": {},
        "is_reprint": false,
        "place": "Beirut and Tunis",
        "publisher": "Dār al-Mālikiyyah",
        "year_hijri": "1444",
        "year_shamsi": {},
        "year_gregorian": "2023",
        "volume_cited": {},
        "page_cited": {},
        "entry_number": {},
        "section": {},
        "notes": {}
      },
      "status": "approved",
      "adjudicated_at": "2026-01-21 15:19:08.100141"
    },
    "cite_9_151546": {
      "id": "cite_9_151546",
      "original": "Ibn Sufyān al-Qayrawānī, al-Hādī fī al-qirāʾāt al-sabʿ, ed. Ḫālid Ḥasan ʾAbū al-Ǧūd (Cairo: Dār ʿIbād al-Raḥmān, 1432/2011)",
      "detected_form": "long",
      "detected_type": "monograph",
      "parsed": {
        "raw": "Ibn Sufyān al-Qayrawānī, al-Hādī fī al-qirāʾāt al-sabʿ, ed. Ḫālid Ḥasan ʾAbū al-Ǧūd (Cairo: Dār ʿIbād al-Raḥmān, 1432/2011)",
        "type": "monograph",
        "author": "Ibn Sufyān al-Qayrawānī",
        "title": "al-Hādī fī al-qirāʾāt al-sabʿ",
        "editor": "Ḫālid Ḥasan ʾAbū al-Ǧūd",
        "volumes": {},
        "has_index": false,
        "series": {},
        "series_number": {},
        "is_reprint": false,
        "place": "Cairo",
        "publisher": "Dār ʿIbād al-Raḥmān",
        "year_hijri": "1432",
        "year_shamsi": {},
        "year_gregorian": "2011",
        "volume_cited": {},
        "page_cited": {},
        "entry_number": {},
        "section": {},
        "notes": {}
      },
      "status": "approved",
      "adjudicated_at": "2026-01-21 15:19:14.62649"
    },
    "cite_10_151546": {
      "id": "cite_10_151546",
      "original": "Makkī b. Abī Ṭālib al-Qayrawānī, Kašf ʿan wuǧūh al-qirāʾāt al-sabʿ wa-ʿilalihā wa-ḥuǧaǧihā, ed. Muḥyī al-Dīn ʿAbd al-Raḥmān Ramaḍān, 2 vols. (Damascus: Maǧmaʿ al-Luġah al-ʿArabiyyah bi-Dimašq, 1394/1974), with many reprints from Beirut: Muʾassasat al-Risālah.",
      "detected_form": "long",
      "detected_type": "monograph",
      "parsed": {
        "raw": "Makkī b. Abī Ṭālib al-Qayrawānī, Kašf ʿan wuǧūh al-qirāʾāt al-sabʿ wa-ʿilalihā wa-ḥuǧaǧihā, ed. Muḥyī al-Dīn ʿAbd al-Raḥmān Ramaḍān, 2 vols. (Damascus: Maǧmaʿ al-Luġah al-ʿArabiyyah bi-Dimašq, 1394/1974), with many reprints from Beirut: Muʾassasat al-Risālah.",
        "type": "monograph",
        "author": "Makkī b. Abī Ṭālib al-Qayrawānī",
        "title": "Kašf ʿan wuǧūh al-qirāʾāt al-sabʿ wa-ʿilalihā wa-ḥuǧaǧihā",
        "editor": "Muḥyī al-Dīn ʿAbd al-Raḥmān Ramaḍān, 2 vols.",
        "volumes": 2,
        "has_index": false,
        "series": {},
        "series_number": {},
        "is_reprint": true,
        "place": "Damascus",
        "publisher": "Maǧmaʿ al-Luġah al-ʿArabiyyah bi-Dimašq",
        "year_hijri": "1394",
        "year_shamsi": {},
        "year_gregorian": "1974",
        "volume_cited": {},
        "page_cited": {},
        "entry_number": {},
        "section": {},
        "notes": {}
      },
      "status": "approved",
      "adjudicated_at": "2026-01-21 15:19:26.941148"
    },
    "cite_12_151546": {
      "id": "cite_12_151546",
      "original": "ʿAlī Šawwāḫ Isḥāq, Muʿǧam muṣannafāt al-Qurʾān al-Karīm, 4 vols. (Riyadh: Dār al-Rifāʿī, 1404/1984), 4:101 №2831.",
      "detected_form": "long",
      "detected_type": "monograph",
      "parsed": {
        "raw": "ʿAlī Šawwāḫ Isḥāq, Muʿǧam muṣannafāt al-Qurʾān al-Karīm, 4 vols. (Riyadh: Dār al-Rifāʿī, 1404/1984), 4:101 №2831.",
        "type": "monograph",
        "author": "ʿAlī Šawwāḫ Isḥāq",
        "title": {},
        "editor": {},
        "volumes": 4,
        "has_index": false,
        "series": {},
        "series_number": {},
        "is_reprint": false,
        "place": "Riyadh",
        "publisher": "Dār al-Rifāʿī",
        "year_hijri": "1404",
        "year_shamsi": {},
        "year_gregorian": "1984",
        "volume_cited": "4",
        "page_cited": "101",
        "entry_number": "2831",
        "section": {},
        "notes": {}
      },
      "status": "approved",
      "adjudicated_at": "2026-01-21 15:19:45.786133"
    },
    "cite_9_154305": {
      "id": "cite_9_154305",
      "original": "Abū al-Faḍl al-Ḫuzāʿī, al-Muntahā fīhi ḫams ʿašarat qirāʾah, ed. ʿAbd al-Raḥīm al-Ṭarhūnī (Cairo: Dār al-Ḥadīṯ, 2009) = ed. Muḥammad Šafāʿat Rabbānī, 2 vols. (Riyadh: Muǧammaʿ al-Malik Fahd, 2013).",
      "detected_form": "long",
      "detected_type": "monograph_equality",
      "parsed": {
        "raw": "Abū al-Faḍl al-Ḫuzāʿī, al-Muntahā fīhi ḫams ʿašarat qirāʾah, ed. ʿAbd al-Raḥīm al-Ṭarhūnī (Cairo: Dār al-Ḥadīṯ, 2009) = ed. Muḥammad Šafāʿat Rabbānī, 2 vols. (Riyadh: Muǧammaʿ al-Malik Fahd, 2013).",
        "type": "monograph_equality",
        "author": "Abū al-Faḍl al-Ḫuzāʿī",
        "title": "al-Muntahā fīhi ḫams ʿašarat qirāʾah",
        "n_editions": 2,
        "editions": [
          {
            "edition_number": 1,
            "editor": "ʿAbd al-Raḥīm al-Ṭarhūnī",
            "volumes": {},
            "series": {},
            "place": "Cairo",
            "publisher": "Dār al-Ḥadīṯ",
            "year_hijri": {},
            "year_shamsi": {},
            "year_gregorian": "2009",
            "is_reprint": false,
            "notes": {},
            "author": "Abū al-Faḍl al-Ḫuzāʿī",
            "title": "al-Muntahā fīhi ḫams ʿašarat qirāʾah"
          },
          {
            "edition_number": 2,
            "editor": "Muḥammad Šafāʿat Rabbānī",
            "volumes": 2,
            "series": {},
            "place": "Riyadh",
            "publisher": "Muǧammaʿ al-Malik Fahd",
            "year_hijri": {},
            "year_shamsi": {},
            "year_gregorian": "2013",
            "is_reprint": false,
            "notes": {},
            "author": "Abū al-Faḍl al-Ḫuzāʿī",
            "title": "al-Muntahā fīhi ḫams ʿašarat qirāʾah"
          }
        ]
      },
      "status": "approved",
      "adjudicated_at": "2026-01-21 15:54:01.077841"
    },
    "cite_10_154305": {
      "id": "cite_10_154305",
      "original": "Abū ʿAmr al-Dānī, Mufradat Yaʿqūb, ed. Ḥātim Ṣāliḥ al-Ḍāmin (Dammām, KSA: Dār Ibn al-Ǧawzī, 1429/2008) = ed. Ḥusayn b. Muḥammad al-Awāǧī (Riyadh: Kunūz Išbīliyā, 1429/2008).",
      "detected_form": "long",
      "detected_type": "monograph_equality",
      "parsed": {
        "raw": "Abū ʿAmr al-Dānī, Mufradat Yaʿqūb, ed. Ḥātim Ṣāliḥ al-Ḍāmin (Dammām, KSA: Dār Ibn al-Ǧawzī, 1429/2008) = ed. Ḥusayn b. Muḥammad al-Awāǧī (Riyadh: Kunūz Išbīliyā, 1429/2008).",
        "type": "monograph_equality",
        "author": "Abū ʿAmr al-Dānī",
        "title": "Mufradat Yaʿqūb",
        "n_editions": 2,
        "editions": [
          {
            "edition_number": 1,
            "editor": "Ḥātim Ṣāliḥ al-Ḍāmin",
            "volumes": {},
            "series": {},
            "place": "Dammām, KSA",
            "publisher": "Dār Ibn al-Ǧawzī",
            "year_hijri": "1429",
            "year_shamsi": {},
            "year_gregorian": "2008",
            "is_reprint": false,
            "notes": {},
            "author": "Abū ʿAmr al-Dānī",
            "title": "Mufradat Yaʿqūb"
          },
          {
            "edition_number": 2,
            "editor": "Ḥusayn b. Muḥammad al-Awāǧī",
            "volumes": {},
            "series": {},
            "place": "Riyadh",
            "publisher": "Kunūz Išbīliyā",
            "year_hijri": "1429",
            "year_shamsi": {},
            "year_gregorian": "2008",
            "is_reprint": false,
            "notes": {},
            "author": "Abū ʿAmr al-Dānī",
            "title": "Mufradat Yaʿqūb"
          }
        ]
      },
      "status": "approved",
      "adjudicated_at": "2026-01-21 15:54:10.891012"
    }
  },
  "corrected": {
    "cite_13_151546": {
      "id": "cite_13_151546",
      "original": "Abū ʿAbd Allāh Ibn Ġāzī, Fihris Ibn Ġāzī, ed. Muḥammad al-Zāhī (Tunis: Dār Bū Salāmah li-l-Ṭibāʿah wa-l-Našr, N.D.), 93 (§ al-Mufradāt li-Abī ʿAbd Allāh b. Šurayḥ wa-ibnuhū Abī al-Ḥasan Šurayḥ).",
      "detected_form": "unknown",
      "detected_type": "unknown",
      "parsed": {
        "raw": "Abū ʿAbd Allāh Ibn Ġāzī, Fihris Ibn Ġāzī, ed. Muḥammad al-Zāhī (Tunis: Dār Bū Salāmah li-l-Ṭibāʿah wa-l-Našr, N.D.), 93 (§ al-Mufradāt li-Abī ʿAbd Allāh b. Šurayḥ wa-ibnuhū Abī al-Ḥasan Šurayḥ).",
        "type": "unknown"
      },
      "status": "corrected",
      "corrections": [],
      "adjudicated_at": "2026-01-21 15:20:04.402584"
    },
    "cite_12_151546": {
      "id": "cite_12_151546",
      "original": "ʿAlī Šawwāḫ Isḥāq, Muʿǧam muṣannafāt al-Qurʾān al-Karīm, 4 vols. (Riyadh: Dār al-Rifāʿī, 1404/1984), 4:101 №2831.",
      "detected_form": "long",
      "detected_type": "monograph",
      "parsed": {
        "raw": "ʿAlī Šawwāḫ Isḥāq, Muʿǧam muṣannafāt al-Qurʾān al-Karīm, 4 vols. (Riyadh: Dār al-Rifāʿī, 1404/1984), 4:101 №2831.",
        "type": "monograph",
        "author": "ʿAlī Šawwāḫ Isḥāq",
        "title": {},
        "editor": {},
        "volumes": 4,
        "has_index": false,
        "series": {},
        "series_number": {},
        "is_reprint": false,
        "place": "Riyadh",
        "publisher": "Dār al-Rifāʿī",
        "year_hijri": "1404",
        "year_shamsi": {},
        "year_gregorian": "1984",
        "volume_cited": "4",
        "page_cited": "101",
        "entry_number": "2831",
        "section": {},
        "notes": {}
      },
      "status": "corrected",
      "adjudicated_at": "2026-01-21 15:20:10.877645",
      "corrections": {
        "author": "ʿAlī Šawwāḫ Isḥāq",
        "title": "",
        "editor": "",
        "place": "Riyadh",
        "publisher": "Dār al-Rifāʿī",
        "year": "1404/1984",
        "volumes": "4",
        "volpage": "4:101",
        "entry_number": "2831",
        "section": ""
      }
    },
    "cite_11_151546": {
      "id": "cite_11_151546",
      "original": "NB here the specification of an indeterminate number of reprints from Beirut [place of publication] Muʾassasat al-Risālah [name of publisher]",
      "detected_form": "unknown",
      "detected_type": "unknown",
      "parsed": {
        "raw": "NB here the specification of an indeterminate number of reprints from Beirut [place of publication] Muʾassasat al-Risālah [name of publisher]",
        "type": "unknown"
      },
      "status": "corrected",
      "adjudicated_at": "2026-01-21 15:20:11.974936",
      "corrections": []
    },
    "cite_10_151546": {
      "id": "cite_10_151546",
      "original": "Makkī b. Abī Ṭālib al-Qayrawānī, Kašf ʿan wuǧūh al-qirāʾāt al-sabʿ wa-ʿilalihā wa-ḥuǧaǧihā, ed. Muḥyī al-Dīn ʿAbd al-Raḥmān Ramaḍān, 2 vols. (Damascus: Maǧmaʿ al-Luġah al-ʿArabiyyah bi-Dimašq, 1394/1974), with many reprints from Beirut: Muʾassasat al-Risālah.",
      "detected_form": "long",
      "detected_type": "monograph",
      "parsed": {
        "raw": "Makkī b. Abī Ṭālib al-Qayrawānī, Kašf ʿan wuǧūh al-qirāʾāt al-sabʿ wa-ʿilalihā wa-ḥuǧaǧihā, ed. Muḥyī al-Dīn ʿAbd al-Raḥmān Ramaḍān, 2 vols. (Damascus: Maǧmaʿ al-Luġah al-ʿArabiyyah bi-Dimašq, 1394/1974), with many reprints from Beirut: Muʾassasat al-Risālah.",
        "type": "monograph",
        "author": "Makkī b. Abī Ṭālib al-Qayrawānī",
        "title": "Kašf ʿan wuǧūh al-qirāʾāt al-sabʿ wa-ʿilalihā wa-ḥuǧaǧihā",
        "editor": "Muḥyī al-Dīn ʿAbd al-Raḥmān Ramaḍān, 2 vols.",
        "volumes": 2,
        "has_index": false,
        "series": {},
        "series_number": {},
        "is_reprint": true,
        "place": "Damascus",
        "publisher": "Maǧmaʿ al-Luġah al-ʿArabiyyah bi-Dimašq",
        "year_hijri": "1394",
        "year_shamsi": {},
        "year_gregorian": "1974",
        "volume_cited": {},
        "page_cited": {},
        "entry_number": {},
        "section": {},
        "notes": {}
      },
      "status": "corrected",
      "adjudicated_at": "2026-01-21 15:20:14.373898",
      "corrections": {
        "author": "Makkī b. Abī Ṭālib al-Qayrawānī",
        "title": "Kašf ʿan wuǧūh al-qirāʾāt al-sabʿ wa-ʿilalihā wa-ḥuǧaǧihā",
        "editor": "Muḥyī al-Dīn ʿAbd al-Raḥmān Ramaḍān, 2 vols.",
        "place": "Damascus",
        "publisher": "Maǧmaʿ al-Luġah al-ʿArabiyyah bi-Dimašq",
        "year": "1394/1974",
        "volumes": "2",
        "volpage": "NA:NA",
        "entry_number": "",
        "section": ""
      }
    },
    "cite_1_151546": {
      "id": "cite_1_151546",
      "original": "Ibn Muǧāhid, K. al-Sabʿah fī al-qirāʾāt, ed. Šawqī Ḍayf (Cairo: Dār al-Maʿārif, 1972)",
      "detected_form": "long",
      "detected_type": "monograph",
      "parsed": {
        "raw": "Ibn Muǧāhid, K. al-Sabʿah fī al-qirāʾāt, ed. Šawqī Ḍayf (Cairo: Dār al-Maʿārif, 1972)",
        "type": "monograph",
        "author": "Ibn Muǧāhid",
        "title": "K. al-Sabʿah fī al-qirāʾāt",
        "editor": "Šawqī Ḍayf",
        "volumes": {},
        "has_index": false,
        "series": {},
        "series_number": {},
        "is_reprint": false,
        "place": "Cairo",
        "publisher": "Dār al-Maʿārif",
        "year_hijri": {},
        "year_shamsi": {},
        "year_gregorian": "1972",
        "volume_cited": {},
        "page_cited": {},
        "entry_number": {},
        "section": {},
        "notes": {}
      },
      "status": "corrected",
      "adjudicated_at": "2026-01-21 15:20:17.723413",
      "corrections": {
        "author": "Ibn Muǧāhid",
        "title": "K. al-Sabʿah fī al-qirāʾāt",
        "editor": "Šawqī Ḍayf",
        "place": "Cairo",
        "publisher": "Dār al-Maʿārif",
        "year": "NA/1972",
        "volumes": "",
        "volpage": "NA:NA",
        "entry_number": "",
        "section": ""
      }
    },
    "cite_2_151546": {
      "id": "cite_2_151546",
      "original": "Yāqūt al-Ḥamawī, Muʿǧam al-udabāʾ (= Iršād al-arīb ilā maʿrifat al-adīb), ed. Iḥsān ʿAbbās, 7 vols. with continuous pagination (Beirut: Dār al-Ġarb al-Islāmī, 1993), 2504",
      "detected_form": "long",
      "detected_type": "monograph",
      "parsed": {
        "raw": "Yāqūt al-Ḥamawī, Muʿǧam al-udabāʾ (= Iršād al-arīb ilā maʿrifat al-adīb), ed. Iḥsān ʿAbbās, 7 vols. with continuous pagination (Beirut: Dār al-Ġarb al-Islāmī, 1993), 2504",
        "type": "monograph",
        "author": "Yāqūt al-Ḥamawī",
        "title": "Muʿǧam al-udabāʾ (= Iršād al-arīb ilā maʿrifat al-adīb)",
        "editor": "Iḥsān ʿAbbās",
        "volumes": 7,
        "has_index": false,
        "series": {},
        "series_number": {},
        "is_reprint": false,
        "place": "= Iršād al-arīb ilā maʿrifat al-adīb), ed. Iḥsān ʿAbbās, 7 vols. with continuous pagination (Beirut",
        "publisher": "Dār al-Ġarb al-Islāmī",
        "year_hijri": {},
        "year_shamsi": {},
        "year_gregorian": "1993",
        "volume_cited": {},
        "page_cited": {},
        "entry_number": {},
        "section": {},
        "notes": {}
      },
      "status": "corrected",
      "adjudicated_at": "2026-01-21 15:20:20.554644",
      "corrections": {
        "author": "Yāqūt al-Ḥamawī",
        "title": "Muʿǧam al-udabāʾ (= Iršād al-arīb ilā maʿrifat al-adīb)",
        "editor": "Iḥsān ʿAbbās",
        "place": "= Iršād al-arīb ilā maʿrifat al-adīb), ed. Iḥsān ʿAbbās, 7 vols. with continuous pagination (Beirut",
        "publisher": "Dār al-Ġarb al-Islāmī",
        "year": "NA/1993",
        "volumes": "7",
        "volpage": "NA:NA",
        "entry_number": "",
        "section": ""
      }
    },
    "cite_3_151546": {
      "id": "cite_3_151546",
      "original": "Ibn Ḫālawayh, Iʿrāb al-qirāʾāt al-sabʿ bi-ʿilalihā, ed. ʿAbd al-Raḥmān b. Sulaymān al-ʿUṯaymīn, 2 vols. (Cairo: Maktabat al-Ḫānǧī, 1413/1992)",
      "detected_form": "long",
      "detected_type": "monograph",
      "parsed": {
        "raw": "Ibn Ḫālawayh, Iʿrāb al-qirāʾāt al-sabʿ bi-ʿilalihā, ed. ʿAbd al-Raḥmān b. Sulaymān al-ʿUṯaymīn, 2 vols. (Cairo: Maktabat al-Ḫānǧī, 1413/1992)",
        "type": "monograph",
        "author": "Ibn Ḫālawayh",
        "title": "Iʿrāb al-qirāʾāt al-sabʿ bi-ʿilalihā",
        "editor": "ʿAbd al-Raḥmān b. Sulaymān al-ʿUṯaymīn, 2 vols.",
        "volumes": 2,
        "has_index": false,
        "series": {},
        "series_number": {},
        "is_reprint": false,
        "place": "Cairo",
        "publisher": "Maktabat al-Ḫānǧī",
        "year_hijri": "1413",
        "year_shamsi": {},
        "year_gregorian": "1992",
        "volume_cited": {},
        "page_cited": {},
        "entry_number": {},
        "section": {},
        "notes": {}
      },
      "status": "corrected",
      "adjudicated_at": "2026-01-21 15:20:23.562974",
      "corrections": {
        "author": "Ibn Ḫālawayh",
        "title": "Iʿrāb al-qirāʾāt al-sabʿ bi-ʿilalihā",
        "editor": "ʿAbd al-Raḥmān b. Sulaymān al-ʿUṯaymīn, 2 vols.",
        "place": "Cairo",
        "publisher": "Maktabat al-Ḫānǧī",
        "year": "1413/1992",
        "volumes": "2",
        "volpage": "NA:NA",
        "entry_number": "",
        "section": ""
      }
    },
    "cite_4_151546": {
      "id": "cite_4_151546",
      "original": "Abū ʿAlī al-Fārsī, al-Ḥuǧǧah fī ʿilal al-qirāʾāt al-sabʿ aʾimmat al-amṣār bi-l-Ḥiǧāz wa-l-ʿIrāq wa-l-Šām allaḏīna ḏakarahum ʾAbū Bakr b. Muǧāhid, ed. ʿAlī al-Naǧdī Nāṣif, ʿAbd al-Ḥalīm al-Naǧǧār, and ʿAbd al-Fattāḥ Šalabī and reviewed by Muḥammad ʿAlī al-Naǧǧār, 7 vols. (Cairo: Dār al-Kātib al-ʿArabī, 1969)",
      "detected_form": "long",
      "detected_type": "monograph",
      "parsed": {
        "raw": "Abū ʿAlī al-Fārsī, al-Ḥuǧǧah fī ʿilal al-qirāʾāt al-sabʿ aʾimmat al-amṣār bi-l-Ḥiǧāz wa-l-ʿIrāq wa-l-Šām allaḏīna ḏakarahum ʾAbū Bakr b. Muǧāhid, ed. ʿAlī al-Naǧdī Nāṣif, ʿAbd al-Ḥalīm al-Naǧǧār, and ʿAbd al-Fattāḥ Šalabī and reviewed by Muḥammad ʿAlī al-Naǧǧār, 7 vols. (Cairo: Dār al-Kātib al-ʿArabī, 1969)",
        "type": "monograph",
        "author": "Abū ʿAlī al-Fārsī",
        "title": "al-Ḥuǧǧah fī ʿilal al-qirāʾāt al-sabʿ aʾimmat al-amṣār bi-l-Ḥiǧāz wa-l-ʿIrāq wa-l-Šām allaḏīna ḏakarahum ʾAbū Bakr b. Muǧāhid",
        "editor": "ʿAlī al-Naǧdī Nāṣif, ʿAbd al-Ḥalīm al-Naǧǧār, and ʿAbd al-Fattāḥ Šalabī and reviewed by Muḥammad ʿAlī al-Naǧǧār, 7 vols.",
        "volumes": 7,
        "has_index": false,
        "series": {},
        "series_number": {},
        "is_reprint": false,
        "place": "Cairo",
        "publisher": "Dār al-Kātib al-ʿArabī",
        "year_hijri": {},
        "year_shamsi": {},
        "year_gregorian": "1969",
        "volume_cited": {},
        "page_cited": {},
        "entry_number": {},
        "section": {},
        "notes": {}
      },
      "status": "corrected",
      "adjudicated_at": "2026-01-21 15:20:26.224472",
      "corrections": {
        "author": "Abū ʿAlī al-Fārsī",
        "title": "al-Ḥuǧǧah fī ʿilal al-qirāʾāt al-sabʿ aʾimmat al-amṣār bi-l-Ḥiǧāz wa-l-ʿIrāq wa-l-Šām allaḏīna ḏakarahum ʾAbū Bakr b. Muǧāhid",
        "editor": "ʿAlī al-Naǧdī Nāṣif, ʿAbd al-Ḥalīm al-Naǧǧār, and ʿAbd al-Fattāḥ Šalabī and reviewed by Muḥammad ʿAlī al-Naǧǧār, 7 vols.",
        "place": "Cairo",
        "publisher": "Dār al-Kātib al-ʿArabī",
        "year": "NA/1969",
        "volumes": "7",
        "volpage": "NA:NA",
        "entry_number": "",
        "section": ""
      }
    },
    "cite_5_151546": {
      "id": "cite_5_151546",
      "original": "Abū al-Fidāʾ Ibn Kaṯīr, K. al-Bidāyah wa-l-nihāyah, ed. ʿAbd al-Raḥmān b. ʿAbd al-Muḥsin al-Turkī, 20 vols. + Index (Giza: Dār al-Hiǧr, 1427–1429/1997–2000), 15:430 (§ sanat 378)",
      "detected_form": "long",
      "detected_type": "monograph",
      "parsed": {
        "raw": "Abū al-Fidāʾ Ibn Kaṯīr, K. al-Bidāyah wa-l-nihāyah, ed. ʿAbd al-Raḥmān b. ʿAbd al-Muḥsin al-Turkī, 20 vols. + Index (Giza: Dār al-Hiǧr, 1427–1429/1997–2000), 15:430 (§ sanat 378)",
        "type": "monograph",
        "author": "Abū al-Fidāʾ Ibn Kaṯīr",
        "title": "K. al-Bidāyah wa-l-nihāyah",
        "editor": "ʿAbd al-Raḥmān b. ʿAbd al-Muḥsin al-Turkī",
        "volumes": 20,
        "has_index": true,
        "series": {},
        "series_number": {},
        "is_reprint": false,
        "place": "Giza",
        "publisher": "Dār al-Hiǧr",
        "year_hijri": "1427–1429",
        "year_shamsi": {},
        "year_gregorian": "1997–2000",
        "volume_cited": "15",
        "page_cited": "430",
        "entry_number": {},
        "section": "sanat 378",
        "notes": {}
      },
      "status": "corrected",
      "adjudicated_at": "2026-01-21 15:20:28.750506",
      "corrections": {
        "author": "Abū al-Fidāʾ Ibn Kaṯīr",
        "title": "K. al-Bidāyah wa-l-nihāyah",
        "editor": "ʿAbd al-Raḥmān b. ʿAbd al-Muḥsin al-Turkī",
        "place": "Giza",
        "publisher": "Dār al-Hiǧr",
        "year": "1427–1429/1997–2000",
        "volumes": "20",
        "volpage": "15:430",
        "entry_number": "",
        "section": "sanat 378"
      }
    },
    "cite_6_151546": {
      "id": "cite_6_151546",
      "original": "Abū Muḥammad al-Ǧāwilī, Nikāt al-Qurʾān, eds. Namšah bt. ʿAbd Allāh al-Ṭawwālah, ʿĀʾišah bt. Muḥammad al-Šalawī, Nusaybah bt. ʿAbd al-ʿAzīz al-Rāšid, and Dallāl bt. Kūyarān? al-Sulamī, 2 vols. (Riyadh: Dār Kunūz Išbīliyā, 1441/2019)",
      "detected_form": "long",
      "detected_type": "monograph",
      "parsed": {
        "raw": "Abū Muḥammad al-Ǧāwilī, Nikāt al-Qurʾān, eds. Namšah bt. ʿAbd Allāh al-Ṭawwālah, ʿĀʾišah bt. Muḥammad al-Šalawī, Nusaybah bt. ʿAbd al-ʿAzīz al-Rāšid, and Dallāl bt. Kūyarān? al-Sulamī, 2 vols. (Riyadh: Dār Kunūz Išbīliyā, 1441/2019)",
        "type": "monograph",
        "author": "Abū Muḥammad al-Ǧāwilī",
        "title": {},
        "editor": {},
        "volumes": 2,
        "has_index": false,
        "series": {},
        "series_number": {},
        "is_reprint": false,
        "place": "Riyadh",
        "publisher": "Dār Kunūz Išbīliyā",
        "year_hijri": "1441",
        "year_shamsi": {},
        "year_gregorian": "2019",
        "volume_cited": {},
        "page_cited": {},
        "entry_number": {},
        "section": {},
        "notes": {}
      },
      "status": "corrected",
      "corrections": {
        "author": "Abū Muḥammad al-Ǧāwilī",
        "title": "",
        "editor": "",
        "place": "Riyadh",
        "publisher": "Dār Kunūz Išbīliyā",
        "year": "1441/2019",
        "volumes": "2",
        "volpage": "NA:NA",
        "entry_number": "",
        "section": ""
      },
      "adjudicated_at": "2026-01-21 15:20:31.4781"
    },
    "cite_7_151546": {
      "id": "cite_7_151546",
      "original": "Abū al-Ṭayyib Ibn Ġalbūn, al-Iršād fī al-qirāʾāt ʿan al-aʾimmah al-sabʿah wa-šarḥ uṣūlihim, ed. Ṣalāḥ al-Dīn Sāyir Farḥān al-ʿUbaydī (Beirut: Dār Ibn Ḥazm and Takrīt Maktabat al-Amīr, 2015), 647.",
      "detected_form": "long",
      "detected_type": "monograph",
      "parsed": {
        "raw": "Abū al-Ṭayyib Ibn Ġalbūn, al-Iršād fī al-qirāʾāt ʿan al-aʾimmah al-sabʿah wa-šarḥ uṣūlihim, ed. Ṣalāḥ al-Dīn Sāyir Farḥān al-ʿUbaydī (Beirut: Dār Ibn Ḥazm and Takrīt Maktabat al-Amīr, 2015), 647.",
        "type": "monograph",
        "author": "Abū al-Ṭayyib Ibn Ġalbūn",
        "title": "al-Iršād fī al-qirāʾāt ʿan al-aʾimmah al-sabʿah wa-šarḥ uṣūlihim",
        "editor": "Ṣalāḥ al-Dīn Sāyir Farḥān al-ʿUbaydī",
        "volumes": {},
        "has_index": false,
        "series": {},
        "series_number": {},
        "is_reprint": false,
        "place": "Beirut",
        "publisher": "Dār Ibn Ḥazm and Takrīt Maktabat al-Amīr",
        "year_hijri": {},
        "year_shamsi": {},
        "year_gregorian": {},
        "volume_cited": {},
        "page_cited": {},
        "entry_number": {},
        "section": {},
        "notes": {}
      },
      "status": "corrected",
      "adjudicated_at": "2026-01-21 15:20:34.428884",
      "corrections": {
        "author": "Abū al-Ṭayyib Ibn Ġalbūn",
        "title": "al-Iršād fī al-qirāʾāt ʿan al-aʾimmah al-sabʿah wa-šarḥ uṣūlihim",
        "editor": "Ṣalāḥ al-Dīn Sāyir Farḥān al-ʿUbaydī",
        "place": "Beirut",
        "publisher": "Dār Ibn Ḥazm and Takrīt Maktabat al-Amīr",
        "year": "NA/NA",
        "volumes": "",
        "volpage": "NA:NA",
        "entry_number": "",
        "section": ""
      }
    },
    "cite_8_151546": {
      "id": "cite_8_151546",
      "original": "Abū al-Ṭayyib Ibn Ġalbūn, Infirādāt al-qurrāʾ al-sabʿah, ed. Usāmah b. al-ʿArabī and reviewed by Fatḥī b. al-Šarīf al-ʿUbaydī (Beirut and Tunis: Dār al-Mālikiyyah, 1444/2023).",
      "detected_form": "long",
      "detected_type": "monograph",
      "parsed": {
        "raw": "Abū al-Ṭayyib Ibn Ġalbūn, Infirādāt al-qurrāʾ al-sabʿah, ed. Usāmah b. al-ʿArabī and reviewed by Fatḥī b. al-Šarīf al-ʿUbaydī (Beirut and Tunis: Dār al-Mālikiyyah, 1444/2023).",
        "type": "monograph",
        "author": "Abū al-Ṭayyib Ibn Ġalbūn",
        "title": "Infirādāt al-qurrāʾ al-sabʿah",
        "editor": "Usāmah b. al-ʿArabī and reviewed by Fatḥī b. al-Šarīf al-ʿUbaydī",
        "volumes": {},
        "has_index": false,
        "series": {},
        "series_number": {},
        "is_reprint": false,
        "place": "Beirut and Tunis",
        "publisher": "Dār al-Mālikiyyah",
        "year_hijri": "1444",
        "year_shamsi": {},
        "year_gregorian": "2023",
        "volume_cited": {},
        "page_cited": {},
        "entry_number": {},
        "section": {},
        "notes": {}
      },
      "status": "corrected",
      "adjudicated_at": "2026-01-21 15:20:37.421952",
      "corrections": {
        "author": "Abū al-Ṭayyib Ibn Ġalbūn",
        "title": "Infirādāt al-qurrāʾ al-sabʿah",
        "editor": "Usāmah b. al-ʿArabī and reviewed by Fatḥī b. al-Šarīf al-ʿUbaydī",
        "place": "Beirut and Tunis",
        "publisher": "Dār al-Mālikiyyah",
        "year": "1444/2023",
        "volumes": "",
        "volpage": "NA:NA",
        "entry_number": "",
        "section": ""
      }
    },
    "cite_9_151546": {
      "id": "cite_9_151546",
      "original": "Ibn Sufyān al-Qayrawānī, al-Hādī fī al-qirāʾāt al-sabʿ, ed. Ḫālid Ḥasan ʾAbū al-Ǧūd (Cairo: Dār ʿIbād al-Raḥmān, 1432/2011)",
      "detected_form": "long",
      "detected_type": "monograph",
      "parsed": {
        "raw": "Ibn Sufyān al-Qayrawānī, al-Hādī fī al-qirāʾāt al-sabʿ, ed. Ḫālid Ḥasan ʾAbū al-Ǧūd (Cairo: Dār ʿIbād al-Raḥmān, 1432/2011)",
        "type": "monograph",
        "author": "Ibn Sufyān al-Qayrawānī",
        "title": "al-Hādī fī al-qirāʾāt al-sabʿ",
        "editor": "Ḫālid Ḥasan ʾAbū al-Ǧūd",
        "volumes": {},
        "has_index": false,
        "series": {},
        "series_number": {},
        "is_reprint": false,
        "place": "Cairo",
        "publisher": "Dār ʿIbād al-Raḥmān",
        "year_hijri": "1432",
        "year_shamsi": {},
        "year_gregorian": "2011",
        "volume_cited": {},
        "page_cited": {},
        "entry_number": {},
        "section": {},
        "notes": {}
      },
      "status": "corrected",
      "adjudicated_at": "2026-01-21 15:20:40.079617",
      "corrections": {
        "author": "Ibn Sufyān al-Qayrawānī",
        "title": "al-Hādī fī al-qirāʾāt al-sabʿ",
        "editor": "Ḫālid Ḥasan ʾAbū al-Ǧūd",
        "place": "Cairo",
        "publisher": "Dār ʿIbād al-Raḥmān",
        "year": "1432/2011",
        "volumes": "",
        "volpage": "NA:NA",
        "entry_number": "",
        "section": ""
      }
    },
    "cite_1_154305": {
      "id": "cite_1_154305",
      "original": "Abū ʿAlī al-Fārsī, al-Ḥuǧǧah fī ʿilal al-qirāʾāt al-sabʿ aʾimmat al-amṣār bi-l-Ḥiǧāz wa-l-ʿIrāq wa-l-Šām allaḏīna ḏakarahum ʾAbū Bakr b. Muǧāhid, ed. ʿAlī al-Naǧdī Nāṣif, ʿAbd al-Ḥalīm al-Naǧǧār, and ʿAbd al-Fattāḥ Šalabī and reviewed by Muḥammad ʿAlī al-Naǧǧār, 7 vols. (Cairo: Dār al-Kātib al-ʿArabī, 1969) = ed. Badr al-Dīn al-Qahwaǧī and Bašīr Ǧuwayǧānī and reviewed by ʿAbd al-ʿAzīz Rabāḥ and Aḥmad Yūsuf Daqqāq, 6 vols. + Index (Damascus: Dār al-Maʾmūn li-l-Turāṯ, 1404–1420/1984–1999) = ed. ʿĀdil Aḥmad ʿAbd al-Mawǧūd and ʿAlī Muḥammad Muʿawwaḍ, 4 vols. (Beirut: Dār al-Kutub al-ʿIlmiyyah, 1428/2008)",
      "detected_form": "long",
      "detected_type": "monograph_equality",
      "parsed": {
        "raw": "Abū ʿAlī al-Fārsī, al-Ḥuǧǧah fī ʿilal al-qirāʾāt al-sabʿ aʾimmat al-amṣār bi-l-Ḥiǧāz wa-l-ʿIrāq wa-l-Šām allaḏīna ḏakarahum ʾAbū Bakr b. Muǧāhid, ed. ʿAlī al-Naǧdī Nāṣif, ʿAbd al-Ḥalīm al-Naǧǧār, and ʿAbd al-Fattāḥ Šalabī and reviewed by Muḥammad ʿAlī al-Naǧǧār, 7 vols. (Cairo: Dār al-Kātib al-ʿArabī, 1969) = ed. Badr al-Dīn al-Qahwaǧī and Bašīr Ǧuwayǧānī and reviewed by ʿAbd al-ʿAzīz Rabāḥ and Aḥmad Yūsuf Daqqāq, 6 vols. + Index (Damascus: Dār al-Maʾmūn li-l-Turāṯ, 1404–1420/1984–1999) = ed. ʿĀdil Aḥmad ʿAbd al-Mawǧūd and ʿAlī Muḥammad Muʿawwaḍ, 4 vols. (Beirut: Dār al-Kutub al-ʿIlmiyyah, 1428/2008)",
        "type": "monograph_equality",
        "author": "Abū ʿAlī al-Fārsī",
        "title": "al-Ḥuǧǧah fī ʿilal al-qirāʾāt al-sabʿ aʾimmat al-amṣār bi-l-Ḥiǧāz wa-l-ʿIrāq wa-l-Šām allaḏīna ḏakarahum ʾAbū Bakr b. Muǧāhid",
        "n_editions": 3,
        "editions": [
          {
            "edition_number": 1,
            "editor": "ʿAlī al-Naǧdī Nāṣif, ʿAbd al-Ḥalīm al-Naǧǧār",
            "volumes": 7,
            "series": {},
            "place": "Cairo",
            "publisher": "Dār al-Kātib al-ʿArabī",
            "year_hijri": {},
            "year_shamsi": {},
            "year_gregorian": "1969",
            "is_reprint": false,
            "notes": {},
            "author": "Abū ʿAlī al-Fārsī",
            "title": "al-Ḥuǧǧah fī ʿilal al-qirāʾāt al-sabʿ aʾimmat al-amṣār bi-l-Ḥiǧāz wa-l-ʿIrāq wa-l-Šām allaḏīna ḏakarahum ʾAbū Bakr b. Muǧāhid"
          },
          {
            "edition_number": 2,
            "editor": "Badr al-Dīn al-Qahwaǧī and Bašīr Ǧuwayǧānī and reviewed by ʿAbd al-ʿAzīz Rabāḥ and Aḥmad Yūsuf Daqqāq, 6 vols. + Index",
            "volumes": 6,
            "series": {},
            "place": "Damascus",
            "publisher": "Dār al-Maʾmūn li-l-Turāṯ",
            "year_hijri": "1404–1420",
            "year_shamsi": {},
            "year_gregorian": "1984–1999",
            "is_reprint": false,
            "notes": {},
            "author": "Abū ʿAlī al-Fārsī",
            "title": "al-Ḥuǧǧah fī ʿilal al-qirāʾāt al-sabʿ aʾimmat al-amṣār bi-l-Ḥiǧāz wa-l-ʿIrāq wa-l-Šām allaḏīna ḏakarahum ʾAbū Bakr b. Muǧāhid"
          },
          {
            "edition_number": 3,
            "editor": "ʿĀdil Aḥmad ʿAbd al-Mawǧūd and ʿAlī Muḥammad Muʿawwaḍ",
            "volumes": 4,
            "series": {},
            "place": "Beirut",
            "publisher": "Dār al-Kutub al-ʿIlmiyyah",
            "year_hijri": "1428",
            "year_shamsi": {},
            "year_gregorian": "2008",
            "is_reprint": false,
            "notes": {},
            "author": "Abū ʿAlī al-Fārsī",
            "title": "al-Ḥuǧǧah fī ʿilal al-qirāʾāt al-sabʿ aʾimmat al-amṣār bi-l-Ḥiǧāz wa-l-ʿIrāq wa-l-Šām allaḏīna ḏakarahum ʾAbū Bakr b. Muǧāhid"
          }
        ]
      },
      "status": "corrected",
      "corrections": {
        "author": "Abū ʿAlī al-Fārsī",
        "title": "al-Ḥuǧǧah fī ʿilal al-qirāʾāt al-sabʿ aʾimmat al-amṣār bi-l-Ḥiǧāz wa-l-ʿIrāq wa-l-Šām allaḏīna ḏakarahum ʾAbū Bakr b. Muǧāhid",
        "editions": [
          {
            "editor": "ʿAlī al-Naǧdī Nāṣif, ʿAbd al-Ḥalīm al-Naǧǧār",
            "series": "",
            "place": "Cairo",
            "publisher": "Dār al-Kātib al-ʿArabī",
            "year": "NA/1969",
            "volumes": "7",
            "is_reprint": false
          },
          {
            "editor": "Badr al-Dīn al-Qahwaǧī and Bašīr Ǧuwayǧānī and reviewed by ʿAbd al-ʿAzīz Rabāḥ and Aḥmad Yūsuf Daqqāq",
            "series": "",
            "place": "Damascus",
            "publisher": "Dār al-Maʾmūn li-l-Turāṯ",
            "year": "1404–1420/1984–1999",
            "volumes": "6",
            "is_reprint": false
          },
          {
            "editor": "ʿĀdil Aḥmad ʿAbd al-Mawǧūd and ʿAlī Muḥammad Muʿawwaḍ",
            "series": "",
            "place": "Beirut",
            "publisher": "Dār al-Kutub al-ʿIlmiyyah",
            "year": "1428/2008",
            "volumes": "4",
            "is_reprint": false
          }
        ]
      },
      "adjudicated_at": "2026-01-21 15:44:09.468413"
    },
    "cite_4_160128": {
      "id": "cite_4_160128",
      "original": "Arthur Jefferey, “The Qurʾān Readings of Zayd b. ʿAlī,” Rivista degli Studi Orientali 16 (1936):248–89; and idem, “Further Qurʾān Readings of Zaid b. ʿAlī,” Rivista degli Studi Orientali 18 (1940):219–36",
      "detected_form": "unknown",
      "detected_type": "unknown",
      "parsed": {
        "raw": "Arthur Jefferey, “The Qurʾān Readings of Zayd b. ʿAlī,” Rivista degli Studi Orientali 16 (1936):248–89; and idem, “Further Qurʾān Readings of Zaid b. ʿAlī,” Rivista degli Studi Orientali 18 (1940):219–36",
        "type": "unknown"
      },
      "status": "corrected",
      "corrections": [],
      "adjudicated_at": "2026-01-21 16:04:23.950839"
    }
  },
  "rejected": {
    "cite_7_151546": {
      "id": "cite_7_151546",
      "original": "Abū al-Ṭayyib Ibn Ġalbūn, al-Iršād fī al-qirāʾāt ʿan al-aʾimmah al-sabʿah wa-šarḥ uṣūlihim, ed. Ṣalāḥ al-Dīn Sāyir Farḥān al-ʿUbaydī (Beirut: Dār Ibn Ḥazm and Takrīt Maktabat al-Amīr, 2015), 647.",
      "detected_form": "long",
      "detected_type": "monograph",
      "parsed": {
        "raw": "Abū al-Ṭayyib Ibn Ġalbūn, al-Iršād fī al-qirāʾāt ʿan al-aʾimmah al-sabʿah wa-šarḥ uṣūlihim, ed. Ṣalāḥ al-Dīn Sāyir Farḥān al-ʿUbaydī (Beirut: Dār Ibn Ḥazm and Takrīt Maktabat al-Amīr, 2015), 647.",
        "type": "monograph",
        "author": "Abū al-Ṭayyib Ibn Ġalbūn",
        "title": "al-Iršād fī al-qirāʾāt ʿan al-aʾimmah al-sabʿah wa-šarḥ uṣūlihim",
        "editor": "Ṣalāḥ al-Dīn Sāyir Farḥān al-ʿUbaydī",
        "volumes": {},
        "has_index": false,
        "series": {},
        "series_number": {},
        "is_reprint": false,
        "place": "Beirut",
        "publisher": "Dār Ibn Ḥazm and Takrīt Maktabat al-Amīr",
        "year_hijri": {},
        "year_shamsi": {},
        "year_gregorian": {},
        "volume_cited": {},
        "page_cited": {},
        "entry_number": {},
        "section": {},
        "notes": {}
      },
      "status": "rejected",
      "adjudicated_at": "2026-01-21 15:17:52.08003"
    },
    "cite_11_151546": {
      "id": "cite_11_151546",
      "original": "NB here the specification of an indeterminate number of reprints from Beirut [place of publication] Muʾassasat al-Risālah [name of publisher]",
      "detected_form": "unknown",
      "detected_type": "unknown",
      "parsed": {
        "raw": "NB here the specification of an indeterminate number of reprints from Beirut [place of publication] Muʾassasat al-Risālah [name of publisher]",
        "type": "unknown"
      },
      "status": "rejected",
      "adjudicated_at": "2026-01-21 15:19:31.165381"
    },
    "cite_1_153533": {
      "id": "cite_1_153533",
      "original": "Abū ʿAlī al-Fārsī, al-Ḥuǧǧah fī ʿilal al-qirāʾāt al-sabʿ aʾimmat al-amṣār bi-l-Ḥiǧāz wa-l-ʿIrāq wa-l-Šām allaḏīna ḏakarahum ʾAbū Bakr b. Muǧāhid, ed. ʿAlī al-Naǧdī Nāṣif, ʿAbd al-Ḥalīm al-Naǧǧār, and ʿAbd al-Fattāḥ Šalabī and reviewed by Muḥammad ʿAlī al-Naǧǧār, 7 vols. (Cairo: Dār al-Kātib al-ʿArabī, 1969) = ed. Badr al-Dīn al-Qahwaǧī and Bašīr Ǧuwayǧānī and reviewed by ʿAbd al-ʿAzīz Rabāḥ and Aḥmad Yūsuf Daqqāq, 6 vols. + Index (Damascus: Dār al-Maʾmūn li-l-Turāṯ, 1404–1420/1984–1999) = ed. ʿĀdil Aḥmad ʿAbd al-Mawǧūd and ʿAlī Muḥammad Muʿawwaḍ, 4 vols. (Beirut: Dār al-Kutub al-ʿIlmiyyah, 1428/2008)",
      "detected_form": "long",
      "detected_type": "monograph_equality",
      "parsed": {
        "raw": "Abū ʿAlī al-Fārsī, al-Ḥuǧǧah fī ʿilal al-qirāʾāt al-sabʿ aʾimmat al-amṣār bi-l-Ḥiǧāz wa-l-ʿIrāq wa-l-Šām allaḏīna ḏakarahum ʾAbū Bakr b. Muǧāhid, ed. ʿAlī al-Naǧdī Nāṣif, ʿAbd al-Ḥalīm al-Naǧǧār, and ʿAbd al-Fattāḥ Šalabī and reviewed by Muḥammad ʿAlī al-Naǧǧār, 7 vols. (Cairo: Dār al-Kātib al-ʿArabī, 1969) = ed. Badr al-Dīn al-Qahwaǧī and Bašīr Ǧuwayǧānī and reviewed by ʿAbd al-ʿAzīz Rabāḥ and Aḥmad Yūsuf Daqqāq, 6 vols. + Index (Damascus: Dār al-Maʾmūn li-l-Turāṯ, 1404–1420/1984–1999) = ed. ʿĀdil Aḥmad ʿAbd al-Mawǧūd and ʿAlī Muḥammad Muʿawwaḍ, 4 vols. (Beirut: Dār al-Kutub al-ʿIlmiyyah, 1428/2008)",
        "type": "monograph",
        "author": "Abū ʿAlī al-Fārsī",
        "title": "al-Ḥuǧǧah fī ʿilal al-qirāʾāt al-sabʿ aʾimmat al-amṣār bi-l-Ḥiǧāz wa-l-ʿIrāq wa-l-Šām allaḏīna ḏakarahum ʾAbū Bakr b. Muǧāhid",
        "editor": "ʿAlī al-Naǧdī Nāṣif, ʿAbd al-Ḥalīm al-Naǧǧār, and ʿAbd al-Fattāḥ Šalabī and reviewed by Muḥammad ʿAlī al-Naǧǧār, 7 vols.",
        "volumes": 7,
        "has_index": true,
        "series": {},
        "series_number": {},
        "is_reprint": false,
        "place": "Beirut",
        "places": {},
        "publisher": "Dār al-Kutub al-ʿIlmiyyah",
        "publishers": {},
        "year_hijri": "1428",
        "year_shamsi": {},
        "year_gregorian": "2008",
        "volume_cited": {},
        "page_cited": {},
        "entry_number": {},
        "section": {},
        "notes": {}
      },
      "status": "rejected",
      "adjudicated_at": "2026-01-21 15:35:49.859182"
    },
    "cite_2_153533": {
      "id": "cite_2_153533",
      "original": "Abū al-Ṭayyib Ibn Ġalbūn, Iḫtilāfāt al-qurrāʾ fī ‘anna’/‘an’ wa-‘inna’/‘in’ al-maftūḥah wa-l-maksūrah al-mušaddadah wa-l-muḫaffafah wa-taṣarruf maʿānīhā, ed. ʿAbd al-Karīm b. Muṣṭafā Mudliǧ, Silsilat al-Dirāsāt al-Qurʾāniyyah (Dubai: Ǧāʾizat Dubayy al-Duwaliyyah li-l-Qurʾān al-Karīm, 1439/2017) = ed. Ḫalaf Ḥusayn al-Ǧabūrī (Cairo: ʿĀlam al-Ṯaqāfah, 1440/2018)",
      "detected_form": "long",
      "detected_type": "monograph_equality",
      "parsed": {
        "raw": "Abū al-Ṭayyib Ibn Ġalbūn, Iḫtilāfāt al-qurrāʾ fī ‘anna’/‘an’ wa-‘inna’/‘in’ al-maftūḥah wa-l-maksūrah al-mušaddadah wa-l-muḫaffafah wa-taṣarruf maʿānīhā, ed. ʿAbd al-Karīm b. Muṣṭafā Mudliǧ, Silsilat al-Dirāsāt al-Qurʾāniyyah (Dubai: Ǧāʾizat Dubayy al-Duwaliyyah li-l-Qurʾān al-Karīm, 1439/2017) = ed. Ḫalaf Ḥusayn al-Ǧabūrī (Cairo: ʿĀlam al-Ṯaqāfah, 1440/2018)",
        "type": "monograph",
        "author": "Abū al-Ṭayyib Ibn Ġalbūn",
        "title": "Iḫtilāfāt al-qurrāʾ fī ‘anna’/‘an’ wa-‘inna’/‘in’ al-maftūḥah wa-l-maksūrah al-mušaddadah wa-l-muḫaffafah wa-taṣarruf maʿānīhā",
        "editor": "ʿAbd al-Karīm b. Muṣṭafā Mudliǧ, Silsilat al-Dirāsāt al-Qurʾāniyyah",
        "volumes": {},
        "has_index": false,
        "series": {},
        "series_number": {},
        "is_reprint": false,
        "place": "Cairo",
        "places": {},
        "publisher": "ʿĀlam al-Ṯaqāfah",
        "publishers": {},
        "year_hijri": "1440",
        "year_shamsi": {},
        "year_gregorian": "2018",
        "volume_cited": {},
        "page_cited": {},
        "entry_number": {},
        "section": {},
        "notes": {}
      },
      "status": "rejected",
      "adjudicated_at": "2026-01-21 15:35:55.986652"
    },
    "cite_3_153533": {
      "id": "cite_3_153533",
      "original": " Abū al-Ṭayyib Ibn Ġalbūn, Iḫtilāfāt al-qurrāʾ al-sabʿah fī al-yāʾāt wa-l-tāʾāt wa-l-ṯāʾāt wa-l-nūnāt wa-l-bāʾāt, ed. Sirr al-Ḫatam al-Ḥasan ʿUmar (Riyadh: Maṭābiʿ Ǧāmiʿat al-Mālik Saʿūd, 1416/1995) = ed. ʿAbd al-Karīm Muṣṭafā Mudliǧ (Cairo: Dār ʿIbād al-Raḥmān, 1423/2012).",
      "detected_form": "long",
      "detected_type": "monograph_equality",
      "parsed": {
        "raw": " Abū al-Ṭayyib Ibn Ġalbūn, Iḫtilāfāt al-qurrāʾ al-sabʿah fī al-yāʾāt wa-l-tāʾāt wa-l-ṯāʾāt wa-l-nūnāt wa-l-bāʾāt, ed. Sirr al-Ḫatam al-Ḥasan ʿUmar (Riyadh: Maṭābiʿ Ǧāmiʿat al-Mālik Saʿūd, 1416/1995) = ed. ʿAbd al-Karīm Muṣṭafā Mudliǧ (Cairo: Dār ʿIbād al-Raḥmān, 1423/2012).",
        "type": "monograph",
        "author": " Abū al-Ṭayyib Ibn Ġalbūn",
        "title": "Iḫtilāfāt al-qurrāʾ al-sabʿah fī al-yāʾāt wa-l-tāʾāt wa-l-ṯāʾāt wa-l-nūnāt wa-l-bāʾāt",
        "editor": "Sirr al-Ḫatam al-Ḥasan ʿUmar",
        "volumes": {},
        "has_index": false,
        "series": {},
        "series_number": {},
        "is_reprint": false,
        "place": "Cairo",
        "places": {},
        "publisher": "Dār ʿIbād al-Raḥmān",
        "publishers": {},
        "year_hijri": "1423",
        "year_shamsi": {},
        "year_gregorian": "2012",
        "volume_cited": {},
        "page_cited": {},
        "entry_number": {},
        "section": {},
        "notes": {}
      },
      "status": "rejected",
      "adjudicated_at": "2026-01-21 15:35:56.840444"
    },
    "cite_4_153533": {
      "id": "cite_4_153533",
      "original": "Abū al-Ṭayyib Ibn Ġalbūn, al-Iršād fī al-qirāʾāt ʿan al-aʾimmah al-sabʿah wa-šarḥ uṣūlihim, ed. Ṣalāḥ al-Dīn Sāyir Farḥān al-ʿUbaydī (Beirut: Dār Ibn Ḥazm and Takrīt Maktabat al-Amīr, 2015) = Bāsim Ḥamdī b. Ḥāmid, “K. al-Iršād fī al-qirāʾāt ʿan al-aʾimmah al-sabʿah raḍiya Allāh ʿanhum: Dirāsah wa-taḥqīq,” Ph.D. diss. supervised by Aḥmad b. ʿAbd Allāh al-Maqarrī? (Medina: al-Ǧāmiʿah al-Islāmiyyah bi-l-Madīnah al-Munawwarah, 1431/2010).",
      "detected_form": "long",
      "detected_type": "monograph_equality",
      "parsed": {
        "raw": "Abū al-Ṭayyib Ibn Ġalbūn, al-Iršād fī al-qirāʾāt ʿan al-aʾimmah al-sabʿah wa-šarḥ uṣūlihim, ed. Ṣalāḥ al-Dīn Sāyir Farḥān al-ʿUbaydī (Beirut: Dār Ibn Ḥazm and Takrīt Maktabat al-Amīr, 2015) = Bāsim Ḥamdī b. Ḥāmid, “K. al-Iršād fī al-qirāʾāt ʿan al-aʾimmah al-sabʿah raḍiya Allāh ʿanhum: Dirāsah wa-taḥqīq,” Ph.D. diss. supervised by Aḥmad b. ʿAbd Allāh al-Maqarrī? (Medina: al-Ǧāmiʿah al-Islāmiyyah bi-l-Madīnah al-Munawwarah, 1431/2010).",
        "type": "monograph",
        "author": "Abū al-Ṭayyib Ibn Ġalbūn",
        "title": "al-Iršād fī al-qirāʾāt ʿan al-aʾimmah al-sabʿah wa-šarḥ uṣūlihim",
        "editor": "Ṣalāḥ al-Dīn Sāyir Farḥān al-ʿUbaydī",
        "volumes": {},
        "has_index": false,
        "series": {},
        "series_number": {},
        "is_reprint": false,
        "place": "Medina",
        "places": {},
        "publisher": "al-Ǧāmiʿah al-Islāmiyyah bi-l-Madīnah al-Munawwarah",
        "publishers": {},
        "year_hijri": "1431",
        "year_shamsi": {},
        "year_gregorian": "2010",
        "volume_cited": {},
        "page_cited": {},
        "entry_number": {},
        "section": {},
        "notes": {}
      },
      "status": "rejected",
      "adjudicated_at": "2026-01-21 15:35:59.563258"
    },
    "cite_5_153533": {
      "id": "cite_5_153533",
      "original": "Abū al-Ḥasan Ibn Ġalbūn, K. al-Istikmāl li-bayān maḏāhib al-qurrāʾ al-sabʿah, ed. ʿAbd al-Fattāḥ Buḥayrī Ibrāhīm (Cairo: N.P., 1412/1991) = ʿAbd al-ʿAzīz ʿAlī Safar, al-Imālah wa-l-tafḫīm fī al-qirāʾāt al-Qurʾāniyyah ḥattā al-qarn al-rābiʿ al-hiǧrī: Dirāsah maʿa taḥqīq ‘K. al-Istikmāl” li-Ibn Ġalbūn, 2 vols. (Kuwait: al-Maǧlis al-Waṭanī li-l-Ṯaqāfah wa-l-Funūn wa-l-ʾĀdāb, 2001), 2:26–686.",
      "detected_form": "long",
      "detected_type": "monograph_equality",
      "parsed": {
        "raw": "Abū al-Ḥasan Ibn Ġalbūn, K. al-Istikmāl li-bayān maḏāhib al-qurrāʾ al-sabʿah, ed. ʿAbd al-Fattāḥ Buḥayrī Ibrāhīm (Cairo: N.P., 1412/1991) = ʿAbd al-ʿAzīz ʿAlī Safar, al-Imālah wa-l-tafḫīm fī al-qirāʾāt al-Qurʾāniyyah ḥattā al-qarn al-rābiʿ al-hiǧrī: Dirāsah maʿa taḥqīq ‘K. al-Istikmāl” li-Ibn Ġalbūn, 2 vols. (Kuwait: al-Maǧlis al-Waṭanī li-l-Ṯaqāfah wa-l-Funūn wa-l-ʾĀdāb, 2001), 2:26–686.",
        "type": "monograph",
        "author": "Abū al-Ḥasan Ibn Ġalbūn",
        "title": "K. al-Istikmāl li-bayān maḏāhib al-qurrāʾ al-sabʿah",
        "editor": "ʿAbd al-Fattāḥ Buḥayrī Ibrāhīm",
        "volumes": 2,
        "has_index": false,
        "series": {},
        "series_number": {},
        "is_reprint": false,
        "place": "Kuwait",
        "places": {},
        "publisher": "al-Maǧlis al-Waṭanī li-l-Ṯaqāfah wa-l-Funūn wa-l-ʾĀdāb",
        "publishers": {},
        "year_hijri": {},
        "year_shamsi": {},
        "year_gregorian": "2001",
        "volume_cited": "2",
        "page_cited": "26–686",
        "entry_number": {},
        "section": {},
        "notes": {}
      },
      "status": "rejected",
      "adjudicated_at": "2026-01-21 15:36:03.873634"
    },
    "cite_6_153533": {
      "id": "cite_6_153533",
      "original": "Masʿūd Aḥmad Sayyid Muḥammad al-Yās, “al-Taǧrīd li-buġyat al-murīd fī al-qirāʾāt al-sabʿ taʾlīf al-ustāḏ al-ṯiqah al-muḥaqqiq šayḫ al-Iskandariyyah ʿAbd al-Raḥmān b. ʿAtīq b. Ḫalaf Abī al-Qāsim b. Abī Bakr b. Abī Saʿīd b. al-Faḥḥām al-Ṣiqillī al-mutawaffā fī 516 hiǧrī,” M.A. Thesis supervised by Muḥammad Sālim Muḥaysin (Medina: al-Ǧāmiʿah al-Islāmiyyah bi-l-Madīnah al-Munawwarah, 1408/1988) = ed. Ḍārī Ibrāhīm al-ʿĀṣī al-Dūrī (Amman: Dār ʿAmmār, 1422/2002) = ed. Muḥammad ʿĪd Muḥammad ʿAbd Allāh (N.P. [Egypt?]: Dār Mandah al-Zanātī, 2006).",
      "detected_form": "long",
      "detected_type": "monograph_equality",
      "parsed": {
        "raw": "Masʿūd Aḥmad Sayyid Muḥammad al-Yās, “al-Taǧrīd li-buġyat al-murīd fī al-qirāʾāt al-sabʿ taʾlīf al-ustāḏ al-ṯiqah al-muḥaqqiq šayḫ al-Iskandariyyah ʿAbd al-Raḥmān b. ʿAtīq b. Ḫalaf Abī al-Qāsim b. Abī Bakr b. Abī Saʿīd b. al-Faḥḥām al-Ṣiqillī al-mutawaffā fī 516 hiǧrī,” M.A. Thesis supervised by Muḥammad Sālim Muḥaysin (Medina: al-Ǧāmiʿah al-Islāmiyyah bi-l-Madīnah al-Munawwarah, 1408/1988) = ed. Ḍārī Ibrāhīm al-ʿĀṣī al-Dūrī (Amman: Dār ʿAmmār, 1422/2002) = ed. Muḥammad ʿĪd Muḥammad ʿAbd Allāh (N.P. [Egypt?]: Dār Mandah al-Zanātī, 2006).",
        "type": "monograph",
        "author": "Masʿūd Aḥmad Sayyid Muḥammad al-Yās",
        "title": "“al-Taǧrīd li-buġyat al-murīd fī al-qirāʾāt al-sabʿ taʾlīf al-ustāḏ al-ṯiqah al-muḥaqqiq šayḫ al-Iskandariyyah ʿAbd al-Raḥmān b. ʿAtīq b. Ḫalaf Abī al-Qāsim b. Abī Bakr b. Abī Saʿīd b. al-Faḥḥām al-Ṣiqillī al-mutawaffā fī 516 hiǧrī,” M.A. Thesis supervised by Muḥammad Sālim Muḥaysin",
        "editor": "Ḍārī Ibrāhīm al-ʿĀṣī al-Dūrī",
        "volumes": {},
        "has_index": false,
        "series": {},
        "series_number": {},
        "is_reprint": false,
        "place": "N.P. [Egypt?]",
        "places": {},
        "publisher": "Dār Mandah al-Zanātī",
        "publishers": {},
        "year_hijri": {},
        "year_shamsi": {},
        "year_gregorian": "2006",
        "volume_cited": {},
        "page_cited": {},
        "entry_number": {},
        "section": {},
        "notes": {}
      },
      "status": "rejected",
      "adjudicated_at": "2026-01-21 15:36:05.145148"
    },
    "cite_7_153533": {
      "id": "cite_7_153533",
      "original": "Abū Bakr Ibn Mihrān, al-Ġāyah fī al-qirāʾāt al-ʿašr wa-yalīhi bāb fī al-istiʿāḏah wa-l-tasmiyah wa-ʾimālāt Qutaybah ʿan al-Kisāʾī, ed. Muḥammad Ġayyāṯ al-Ǧanbāz? (Riyadh: Dār al-Šawwāf, 1405/1985), second printing 1411/1990 = K. al-Ġāyah fī al-qirāʾāt al-ʿašr wa-iḫtiyār Abī Ḥātim al-Siǧistānī, ed. Ǧamāl al-Dīn Muḥammad Šaraf (Ṭanṭā, Egypt: Dār al-Ṣaḥābah li-l-Turāṯ, 1423/2003) = ed. Aḥmad Farīd al-Mizyadī (Beirut: Dār al-Kutub al-ʿIlmiyyah, 1428/2007).",
      "detected_form": "long",
      "detected_type": "monograph_equality",
      "parsed": {
        "raw": "Abū Bakr Ibn Mihrān, al-Ġāyah fī al-qirāʾāt al-ʿašr wa-yalīhi bāb fī al-istiʿāḏah wa-l-tasmiyah wa-ʾimālāt Qutaybah ʿan al-Kisāʾī, ed. Muḥammad Ġayyāṯ al-Ǧanbāz? (Riyadh: Dār al-Šawwāf, 1405/1985), second printing 1411/1990 = K. al-Ġāyah fī al-qirāʾāt al-ʿašr wa-iḫtiyār Abī Ḥātim al-Siǧistānī, ed. Ǧamāl al-Dīn Muḥammad Šaraf (Ṭanṭā, Egypt: Dār al-Ṣaḥābah li-l-Turāṯ, 1423/2003) = ed. Aḥmad Farīd al-Mizyadī (Beirut: Dār al-Kutub al-ʿIlmiyyah, 1428/2007).",
        "type": "monograph",
        "author": "Abū Bakr Ibn Mihrān",
        "title": "al-Ġāyah fī al-qirāʾāt al-ʿašr wa-yalīhi bāb fī al-istiʿāḏah wa-l-tasmiyah wa-ʾimālāt Qutaybah ʿan al-Kisāʾī",
        "editor": "Muḥammad Ġayyāṯ al-Ǧanbāz?",
        "volumes": {},
        "has_index": false,
        "series": {},
        "series_number": {},
        "is_reprint": false,
        "place": "Beirut",
        "places": {},
        "publisher": "Dār al-Kutub al-ʿIlmiyyah",
        "publishers": {},
        "year_hijri": "1428",
        "year_shamsi": {},
        "year_gregorian": "2007",
        "volume_cited": {},
        "page_cited": {},
        "entry_number": {},
        "section": {},
        "notes": {}
      },
      "status": "rejected",
      "adjudicated_at": "2026-01-21 15:36:06.649854"
    },
    "cite_8_153533": {
      "id": "cite_8_153533",
      "original": "Abū Bakr Ibn Mihrān, al-Mabsūṭ fī al-qirāʾāt al-ʿašr, ed. Subayʿ Ḥamzah Ḥākimī (Damascus: Maǧmaʿ al-Luġah al-ʿArabiyyah, 1401/1981), reprint Beirut: Muʾassasat ʿUlūm al-Qurʾān and Jeddah: Dār al-Qiblah, 1408/1988 = ed. Ǧamāl al-Dīn Muḥammad Šaraf (Ṭanṭā, Egypt: Dār al-Ṣaḥābah li-l-Turāṯ, 1425/2004), second printing 1427/2006.",
      "detected_form": "long",
      "detected_type": "monograph_equality",
      "parsed": {
        "raw": "Abū Bakr Ibn Mihrān, al-Mabsūṭ fī al-qirāʾāt al-ʿašr, ed. Subayʿ Ḥamzah Ḥākimī (Damascus: Maǧmaʿ al-Luġah al-ʿArabiyyah, 1401/1981), reprint Beirut: Muʾassasat ʿUlūm al-Qurʾān and Jeddah: Dār al-Qiblah, 1408/1988 = ed. Ǧamāl al-Dīn Muḥammad Šaraf (Ṭanṭā, Egypt: Dār al-Ṣaḥābah li-l-Turāṯ, 1425/2004), second printing 1427/2006.",
        "type": "monograph",
        "author": "Abū Bakr Ibn Mihrān",
        "title": "al-Mabsūṭ fī al-qirāʾāt al-ʿašr",
        "editor": "Subayʿ Ḥamzah Ḥākimī",
        "volumes": {},
        "has_index": false,
        "series": {},
        "series_number": {},
        "is_reprint": true,
        "place": "Damascus",
        "places": {},
        "publisher": "Maǧmaʿ al-Luġah al-ʿArabiyyah",
        "publishers": {},
        "year_hijri": "1401",
        "year_shamsi": {},
        "year_gregorian": "1981",
        "volume_cited": {},
        "page_cited": {},
        "entry_number": {},
        "section": {},
        "notes": {}
      },
      "status": "rejected",
      "adjudicated_at": "2026-01-21 15:36:08.546323"
    },
    "cite_9_153533": {
      "id": "cite_9_153533",
      "original": "Abū al-Faḍl al-Ḫuzāʿī, al-Muntahā fīhi ḫams ʿašarat qirāʾah, ed. ʿAbd al-Raḥīm al-Ṭarhūnī (Cairo: Dār al-Ḥadīṯ, 2009) = ed. Muḥammad Šafāʿat Rabbānī, 2 vols. (Riyadh: Muǧammaʿ al-Malik Fahd, 2013).",
      "detected_form": "long",
      "detected_type": "monograph_equality",
      "parsed": {
        "raw": "Abū al-Faḍl al-Ḫuzāʿī, al-Muntahā fīhi ḫams ʿašarat qirāʾah, ed. ʿAbd al-Raḥīm al-Ṭarhūnī (Cairo: Dār al-Ḥadīṯ, 2009) = ed. Muḥammad Šafāʿat Rabbānī, 2 vols. (Riyadh: Muǧammaʿ al-Malik Fahd, 2013).",
        "type": "monograph",
        "author": "Abū al-Faḍl al-Ḫuzāʿī",
        "title": "al-Muntahā fīhi ḫams ʿašarat qirāʾah",
        "editor": "ʿAbd al-Raḥīm al-Ṭarhūnī",
        "volumes": 2,
        "has_index": false,
        "series": {},
        "series_number": {},
        "is_reprint": false,
        "place": "Riyadh",
        "places": {},
        "publisher": "Muǧammaʿ al-Malik Fahd",
        "publishers": {},
        "year_hijri": {},
        "year_shamsi": {},
        "year_gregorian": "2013",
        "volume_cited": {},
        "page_cited": {},
        "entry_number": {},
        "section": {},
        "notes": {}
      },
      "status": "rejected",
      "adjudicated_at": "2026-01-21 15:36:10.191158"
    },
    "cite_10_153533": {
      "id": "cite_10_153533",
      "original": "Abū ʿAmr al-Dānī, Mufradat Yaʿqūb, ed. Ḥātim Ṣāliḥ al-Ḍāmin (Dammām, KSA: Dār Ibn al-Ǧawzī, 1429/2008) = ed. Ḥusayn b. Muḥammad al-Awāǧī (Riyadh: Kunūz Išbīliyā, 1429/2008).",
      "detected_form": "long",
      "detected_type": "monograph_equality",
      "parsed": {
        "raw": "Abū ʿAmr al-Dānī, Mufradat Yaʿqūb, ed. Ḥātim Ṣāliḥ al-Ḍāmin (Dammām, KSA: Dār Ibn al-Ǧawzī, 1429/2008) = ed. Ḥusayn b. Muḥammad al-Awāǧī (Riyadh: Kunūz Išbīliyā, 1429/2008).",
        "type": "monograph",
        "author": "Abū ʿAmr al-Dānī",
        "title": "Mufradat Yaʿqūb",
        "editor": "Ḥātim Ṣāliḥ al-Ḍāmin",
        "volumes": {},
        "has_index": false,
        "series": {},
        "series_number": {},
        "is_reprint": false,
        "place": "Riyadh",
        "places": {},
        "publisher": "Kunūz Išbīliyā",
        "publishers": {},
        "year_hijri": "1429",
        "year_shamsi": {},
        "year_gregorian": "2008",
        "volume_cited": {},
        "page_cited": {},
        "entry_number": {},
        "section": {},
        "notes": {}
      },
      "status": "rejected",
      "adjudicated_at": "2026-01-21 15:36:11.626449"
    },
    "cite_4_154305": {
      "id": "cite_4_154305",
      "original": "Abū al-Ṭayyib Ibn Ġalbūn, al-Iršād fī al-qirāʾāt ʿan al-aʾimmah al-sabʿah wa-šarḥ uṣūlihim, ed. Ṣalāḥ al-Dīn Sāyir Farḥān al-ʿUbaydī (Beirut: Dār Ibn Ḥazm and Takrīt Maktabat al-Amīr, 2015) = Bāsim Ḥamdī b. Ḥāmid, “K. al-Iršād fī al-qirāʾāt ʿan al-aʾimmah al-sabʿah raḍiya Allāh ʿanhum: Dirāsah wa-taḥqīq,” Ph.D. diss. supervised by Aḥmad b. ʿAbd Allāh al-Maqarrī? (Medina: al-Ǧāmiʿah al-Islāmiyyah bi-l-Madīnah al-Munawwarah, 1431/2010).",
      "detected_form": "long",
      "detected_type": "monograph_equality",
      "parsed": {
        "raw": "Abū al-Ṭayyib Ibn Ġalbūn, al-Iršād fī al-qirāʾāt ʿan al-aʾimmah al-sabʿah wa-šarḥ uṣūlihim, ed. Ṣalāḥ al-Dīn Sāyir Farḥān al-ʿUbaydī (Beirut: Dār Ibn Ḥazm and Takrīt Maktabat al-Amīr, 2015) = Bāsim Ḥamdī b. Ḥāmid, “K. al-Iršād fī al-qirāʾāt ʿan al-aʾimmah al-sabʿah raḍiya Allāh ʿanhum: Dirāsah wa-taḥqīq,” Ph.D. diss. supervised by Aḥmad b. ʿAbd Allāh al-Maqarrī? (Medina: al-Ǧāmiʿah al-Islāmiyyah bi-l-Madīnah al-Munawwarah, 1431/2010).",
        "type": "monograph_equality",
        "author": "Abū al-Ṭayyib Ibn Ġalbūn",
        "title": "al-Iršād fī al-qirāʾāt ʿan al-aʾimmah al-sabʿah wa-šarḥ uṣūlihim",
        "n_editions": 2,
        "editions": [
          {
            "edition_number": 1,
            "editor": "Ṣalāḥ al-Dīn Sāyir Farḥān al-ʿUbaydī",
            "volumes": {},
            "series": {},
            "place": "Beirut",
            "publisher": "Dār Ibn Ḥazm and Takrīt Maktabat al-Amīr",
            "year_hijri": {},
            "year_shamsi": {},
            "year_gregorian": "2015",
            "is_reprint": false,
            "notes": {},
            "author": "Abū al-Ṭayyib Ibn Ġalbūn",
            "title": "al-Iršād fī al-qirāʾāt ʿan al-aʾimmah al-sabʿah wa-šarḥ uṣūlihim"
          },
          {
            "edition_number": 2,
            "editor": "Bāsim Ḥamdī b. Ḥāmid, “K. al-Iršād fī al-qirāʾāt ʿan al-aʾimmah al-sabʿah raḍiya Allāh ʿanhum: Dirāsah wa-taḥqīq,” Ph.D. diss. supervised by Aḥmad b. ʿAbd Allāh al-Maqarrī?",
            "volumes": {},
            "series": {},
            "place": "Medina",
            "publisher": "al-Ǧāmiʿah al-Islāmiyyah bi-l-Madīnah al-Munawwarah",
            "year_hijri": "1431",
            "year_shamsi": {},
            "year_gregorian": "2010",
            "is_reprint": false,
            "notes": {},
            "author": "Abū al-Ṭayyib Ibn Ġalbūn",
            "title": "al-Iršād fī al-qirāʾāt ʿan al-aʾimmah al-sabʿah wa-šarḥ uṣūlihim"
          }
        ]
      },
      "status": "rejected",
      "adjudicated_at": "2026-01-21 15:46:47.649306"
    },
    "cite_5_154305": {
      "id": "cite_5_154305",
      "original": "Abū al-Ḥasan Ibn Ġalbūn, K. al-Istikmāl li-bayān maḏāhib al-qurrāʾ al-sabʿah, ed. ʿAbd al-Fattāḥ Buḥayrī Ibrāhīm (Cairo: N.P., 1412/1991) = ʿAbd al-ʿAzīz ʿAlī Safar, al-Imālah wa-l-tafḫīm fī al-qirāʾāt al-Qurʾāniyyah ḥattā al-qarn al-rābiʿ al-hiǧrī: Dirāsah maʿa taḥqīq ‘K. al-Istikmāl” li-Ibn Ġalbūn, 2 vols. (Kuwait: al-Maǧlis al-Waṭanī li-l-Ṯaqāfah wa-l-Funūn wa-l-ʾĀdāb, 2001), 2:26–686.",
      "detected_form": "long",
      "detected_type": "monograph_equality",
      "parsed": {
        "raw": "Abū al-Ḥasan Ibn Ġalbūn, K. al-Istikmāl li-bayān maḏāhib al-qurrāʾ al-sabʿah, ed. ʿAbd al-Fattāḥ Buḥayrī Ibrāhīm (Cairo: N.P., 1412/1991) = ʿAbd al-ʿAzīz ʿAlī Safar, al-Imālah wa-l-tafḫīm fī al-qirāʾāt al-Qurʾāniyyah ḥattā al-qarn al-rābiʿ al-hiǧrī: Dirāsah maʿa taḥqīq ‘K. al-Istikmāl” li-Ibn Ġalbūn, 2 vols. (Kuwait: al-Maǧlis al-Waṭanī li-l-Ṯaqāfah wa-l-Funūn wa-l-ʾĀdāb, 2001), 2:26–686.",
        "type": "monograph_equality",
        "author": "Abū al-Ḥasan Ibn Ġalbūn",
        "title": "K. al-Istikmāl li-bayān maḏāhib al-qurrāʾ al-sabʿah",
        "n_editions": 2,
        "editions": [
          {
            "edition_number": 1,
            "editor": "ʿAbd al-Fattāḥ Buḥayrī Ibrāhīm",
            "volumes": {},
            "series": {},
            "place": "Cairo",
            "publisher": "N.P.",
            "year_hijri": "1412",
            "year_shamsi": {},
            "year_gregorian": "1991",
            "is_reprint": false,
            "notes": {},
            "author": "Abū al-Ḥasan Ibn Ġalbūn",
            "title": "K. al-Istikmāl li-bayān maḏāhib al-qurrāʾ al-sabʿah"
          },
          {
            "edition_number": 2,
            "editor": "ʿAbd al-ʿAzīz ʿAlī Safar, al-Imālah wa-l-tafḫīm fī al-qirāʾāt al-Qurʾāniyyah ḥattā al-qarn al-rābiʿ al-hiǧrī: Dirāsah maʿa taḥqīq ‘K. al-Istikmāl” li-Ibn Ġalbūn",
            "volumes": 2,
            "series": {},
            "place": "Kuwait",
            "publisher": "al-Maǧlis al-Waṭanī li-l-Ṯaqāfah wa-l-Funūn wa-l-ʾĀdāb",
            "year_hijri": {},
            "year_shamsi": {},
            "year_gregorian": "2001",
            "is_reprint": false,
            "notes": {},
            "author": "Abū al-Ḥasan Ibn Ġalbūn",
            "title": "K. al-Istikmāl li-bayān maḏāhib al-qurrāʾ al-sabʿah",
            "volume_cited": "2",
            "page_cited": "26–686"
          }
        ]
      },
      "status": "rejected",
      "adjudicated_at": "2026-01-21 15:49:34.293196"
    },
    "cite_6_154305": {
      "id": "cite_6_154305",
      "original": "Masʿūd Aḥmad Sayyid Muḥammad al-Yās, “al-Taǧrīd li-buġyat al-murīd fī al-qirāʾāt al-sabʿ taʾlīf al-ustāḏ al-ṯiqah al-muḥaqqiq šayḫ al-Iskandariyyah ʿAbd al-Raḥmān b. ʿAtīq b. Ḫalaf Abī al-Qāsim b. Abī Bakr b. Abī Saʿīd b. al-Faḥḥām al-Ṣiqillī al-mutawaffā fī 516 hiǧrī,” M.A. Thesis supervised by Muḥammad Sālim Muḥaysin (Medina: al-Ǧāmiʿah al-Islāmiyyah bi-l-Madīnah al-Munawwarah, 1408/1988) = ed. Ḍārī Ibrāhīm al-ʿĀṣī al-Dūrī (Amman: Dār ʿAmmār, 1422/2002) = ed. Muḥammad ʿĪd Muḥammad ʿAbd Allāh (N.P. [Egypt?]: Dār Mandah al-Zanātī, 2006).",
      "detected_form": "long",
      "detected_type": "monograph_equality",
      "parsed": {
        "raw": "Masʿūd Aḥmad Sayyid Muḥammad al-Yās, “al-Taǧrīd li-buġyat al-murīd fī al-qirāʾāt al-sabʿ taʾlīf al-ustāḏ al-ṯiqah al-muḥaqqiq šayḫ al-Iskandariyyah ʿAbd al-Raḥmān b. ʿAtīq b. Ḫalaf Abī al-Qāsim b. Abī Bakr b. Abī Saʿīd b. al-Faḥḥām al-Ṣiqillī al-mutawaffā fī 516 hiǧrī,” M.A. Thesis supervised by Muḥammad Sālim Muḥaysin (Medina: al-Ǧāmiʿah al-Islāmiyyah bi-l-Madīnah al-Munawwarah, 1408/1988) = ed. Ḍārī Ibrāhīm al-ʿĀṣī al-Dūrī (Amman: Dār ʿAmmār, 1422/2002) = ed. Muḥammad ʿĪd Muḥammad ʿAbd Allāh (N.P. [Egypt?]: Dār Mandah al-Zanātī, 2006).",
        "type": "monograph_equality",
        "author": "Masʿūd Aḥmad Sayyid Muḥammad al-Yās",
        "title": {},
        "n_editions": 3,
        "editions": [
          {
            "edition_number": 1,
            "editor": {},
            "volumes": {},
            "series": {},
            "place": "Medina",
            "publisher": "al-Ǧāmiʿah al-Islāmiyyah bi-l-Madīnah al-Munawwarah",
            "year_hijri": "1408",
            "year_shamsi": {},
            "year_gregorian": "1988",
            "is_reprint": false,
            "notes": {},
            "author": "Masʿūd Aḥmad Sayyid Muḥammad al-Yās",
            "title": {}
          },
          {
            "edition_number": 2,
            "editor": "Ḍārī Ibrāhīm al-ʿĀṣī al-Dūrī",
            "volumes": {},
            "series": {},
            "place": "Amman",
            "publisher": "Dār ʿAmmār",
            "year_hijri": "1422",
            "year_shamsi": {},
            "year_gregorian": "2002",
            "is_reprint": false,
            "notes": {},
            "author": "Masʿūd Aḥmad Sayyid Muḥammad al-Yās",
            "title": {}
          },
          {
            "edition_number": 3,
            "editor": "Muḥammad ʿĪd Muḥammad ʿAbd Allāh",
            "volumes": {},
            "series": {},
            "place": "N.P. [Egypt?]",
            "publisher": "Dār Mandah al-Zanātī",
            "year_hijri": {},
            "year_shamsi": {},
            "year_gregorian": "2006",
            "is_reprint": false,
            "notes": {},
            "author": "Masʿūd Aḥmad Sayyid Muḥammad al-Yās",
            "title": {}
          }
        ]
      },
      "status": "rejected",
      "adjudicated_at": "2026-01-21 15:51:57.613754"
    },
    "cite_7_154305": {
      "id": "cite_7_154305",
      "original": "Abū Bakr Ibn Mihrān, al-Ġāyah fī al-qirāʾāt al-ʿašr wa-yalīhi bāb fī al-istiʿāḏah wa-l-tasmiyah wa-ʾimālāt Qutaybah ʿan al-Kisāʾī, ed. Muḥammad Ġayyāṯ al-Ǧanbāz? (Riyadh: Dār al-Šawwāf, 1405/1985), second printing 1411/1990 = K. al-Ġāyah fī al-qirāʾāt al-ʿašr wa-iḫtiyār Abī Ḥātim al-Siǧistānī, ed. Ǧamāl al-Dīn Muḥammad Šaraf (Ṭanṭā, Egypt: Dār al-Ṣaḥābah li-l-Turāṯ, 1423/2003) = ed. Aḥmad Farīd al-Mizyadī (Beirut: Dār al-Kutub al-ʿIlmiyyah, 1428/2007).",
      "detected_form": "long",
      "detected_type": "monograph_equality",
      "parsed": {
        "raw": "Abū Bakr Ibn Mihrān, al-Ġāyah fī al-qirāʾāt al-ʿašr wa-yalīhi bāb fī al-istiʿāḏah wa-l-tasmiyah wa-ʾimālāt Qutaybah ʿan al-Kisāʾī, ed. Muḥammad Ġayyāṯ al-Ǧanbāz? (Riyadh: Dār al-Šawwāf, 1405/1985), second printing 1411/1990 = K. al-Ġāyah fī al-qirāʾāt al-ʿašr wa-iḫtiyār Abī Ḥātim al-Siǧistānī, ed. Ǧamāl al-Dīn Muḥammad Šaraf (Ṭanṭā, Egypt: Dār al-Ṣaḥābah li-l-Turāṯ, 1423/2003) = ed. Aḥmad Farīd al-Mizyadī (Beirut: Dār al-Kutub al-ʿIlmiyyah, 1428/2007).",
        "type": "monograph_equality",
        "author": "Abū Bakr Ibn Mihrān",
        "title": "al-Ġāyah fī al-qirāʾāt al-ʿašr wa-yalīhi bāb fī al-istiʿāḏah wa-l-tasmiyah wa-ʾimālāt Qutaybah ʿan al-Kisāʾī",
        "n_editions": 3,
        "editions": [
          {
            "edition_number": 1,
            "editor": "Muḥammad Ġayyāṯ al-Ǧanbāz?",
            "volumes": {},
            "series": {},
            "place": "Riyadh",
            "publisher": "Dār al-Šawwāf",
            "year_hijri": "1405",
            "year_shamsi": {},
            "year_gregorian": "1985",
            "is_reprint": false,
            "notes": {},
            "author": "Abū Bakr Ibn Mihrān",
            "title": "al-Ġāyah fī al-qirāʾāt al-ʿašr wa-yalīhi bāb fī al-istiʿāḏah wa-l-tasmiyah wa-ʾimālāt Qutaybah ʿan al-Kisāʾī"
          },
          {
            "edition_number": 2,
            "editor": "K. al-Ġāyah fī al-qirāʾāt al-ʿašr wa-iḫtiyār Abī Ḥātim al-Siǧistānī, ed. Ǧamāl al-Dīn Muḥammad Šaraf",
            "volumes": {},
            "series": {},
            "place": {},
            "publisher": {},
            "year_hijri": {},
            "year_shamsi": {},
            "year_gregorian": {},
            "is_reprint": false,
            "notes": {},
            "author": "Abū Bakr Ibn Mihrān",
            "title": "al-Ġāyah fī al-qirāʾāt al-ʿašr wa-yalīhi bāb fī al-istiʿāḏah wa-l-tasmiyah wa-ʾimālāt Qutaybah ʿan al-Kisāʾī"
          },
          {
            "edition_number": 3,
            "editor": "Aḥmad Farīd al-Mizyadī",
            "volumes": {},
            "series": {},
            "place": "Beirut",
            "publisher": "Dār al-Kutub al-ʿIlmiyyah",
            "year_hijri": "1428",
            "year_shamsi": {},
            "year_gregorian": "2007",
            "is_reprint": false,
            "notes": {},
            "author": "Abū Bakr Ibn Mihrān",
            "title": "al-Ġāyah fī al-qirāʾāt al-ʿašr wa-yalīhi bāb fī al-istiʿāḏah wa-l-tasmiyah wa-ʾimālāt Qutaybah ʿan al-Kisāʾī"
          }
        ]
      },
      "status": "rejected",
      "adjudicated_at": "2026-01-21 15:52:08.183436"
    },
    "cite_8_154305": {
      "id": "cite_8_154305",
      "original": "Abū Bakr Ibn Mihrān, al-Mabsūṭ fī al-qirāʾāt al-ʿašr, ed. Subayʿ Ḥamzah Ḥākimī (Damascus: Maǧmaʿ al-Luġah al-ʿArabiyyah, 1401/1981), reprint Beirut: Muʾassasat ʿUlūm al-Qurʾān and Jeddah: Dār al-Qiblah, 1408/1988 = ed. Ǧamāl al-Dīn Muḥammad Šaraf (Ṭanṭā, Egypt: Dār al-Ṣaḥābah li-l-Turāṯ, 1425/2004), second printing 1427/2006.",
      "detected_form": "long",
      "detected_type": "monograph_equality",
      "parsed": {
        "raw": "Abū Bakr Ibn Mihrān, al-Mabsūṭ fī al-qirāʾāt al-ʿašr, ed. Subayʿ Ḥamzah Ḥākimī (Damascus: Maǧmaʿ al-Luġah al-ʿArabiyyah, 1401/1981), reprint Beirut: Muʾassasat ʿUlūm al-Qurʾān and Jeddah: Dār al-Qiblah, 1408/1988 = ed. Ǧamāl al-Dīn Muḥammad Šaraf (Ṭanṭā, Egypt: Dār al-Ṣaḥābah li-l-Turāṯ, 1425/2004), second printing 1427/2006.",
        "type": "monograph_equality",
        "author": "Abū Bakr Ibn Mihrān",
        "title": "al-Mabsūṭ fī al-qirāʾāt al-ʿašr",
        "n_editions": 2,
        "editions": [
          {
            "edition_number": 1,
            "editor": "Subayʿ Ḥamzah Ḥākimī",
            "volumes": {},
            "series": {},
            "place": "Damascus",
            "publisher": "Maǧmaʿ al-Luġah al-ʿArabiyyah",
            "year_hijri": "1401",
            "year_shamsi": {},
            "year_gregorian": "1981",
            "is_reprint": true,
            "notes": {},
            "author": "Abū Bakr Ibn Mihrān",
            "title": "al-Mabsūṭ fī al-qirāʾāt al-ʿašr"
          },
          {
            "edition_number": 2,
            "editor": "Ǧamāl al-Dīn Muḥammad Šaraf",
            "volumes": {},
            "series": {},
            "place": {},
            "publisher": {},
            "year_hijri": {},
            "year_shamsi": {},
            "year_gregorian": {},
            "is_reprint": false,
            "notes": {},
            "author": "Abū Bakr Ibn Mihrān",
            "title": "al-Mabsūṭ fī al-qirāʾāt al-ʿašr"
          }
        ]
      },
      "status": "rejected",
      "adjudicated_at": "2026-01-21 15:53:49.046487"
    },
    "cite_3_160128": {
      "id": "cite_3_160128",
      "original": "Walid Saleh, “The Introduction to al-Wāḥīdī’s al-Basīṭ: An Edition, Translation and Commentary,” in Aims, Methods and Contexts of Qurʾānic Exegesis (2nd/8th–9th/15th c.), ed. Karen Bauer (Oxford: OUP in association with the Institute of Ismaili Studies, 2013), 67–100, at 80.",
      "detected_form": "long",
      "detected_type": "monograph",
      "parsed": {
        "raw": "Walid Saleh, “The Introduction to al-Wāḥīdī’s al-Basīṭ: An Edition, Translation and Commentary,” in Aims, Methods and Contexts of Qurʾānic Exegesis (2nd/8th–9th/15th c.), ed. Karen Bauer (Oxford: OUP in association with the Institute of Ismaili Studies, 2013), 67–100, at 80.",
        "type": "monograph",
        "author": "Walid Saleh",
        "title": "“The Introduction to al-Wāḥīdī’s al-Basīṭ: An Edition, Translation and Commentary,” in Aims, Methods and Contexts of Qurʾānic Exegesis (2nd/8th–9th/15th c.)",
        "editor": "Karen Bauer",
        "volumes": 1,
        "has_index": false,
        "series": null,
        "series_number": null,
        "place": "Oxford",
        "places": null,
        "publisher": "OUP in association with the Institute of Ismaili Studies",
        "publishers": null,
        "year_hijri": null,
        "year_shamsi": null,
        "year_gregorian": "2013",
        "printing": null,
        "reprints": [],
        "volume_cited": null,
        "page_cited": null,
        "entry_number": null,
        "section": null,
        "notes": null
      },
      "status": "rejected",
      "adjudicated_at": "2026-01-21 16:01:49.078748"
    },
    "cite_5_160128": {
      "id": "cite_5_160128",
      "original": "Note here that there is an \"equivalence\" of sort here, where we use all of the same bibliographic fields but refer to the same author with the string \"idem\" (for male authors) or \"eadem\" (for female author)",
      "detected_form": "unknown",
      "detected_type": "unknown",
      "parsed": {
        "raw": "Note here that there is an \"equivalence\" of sort here, where we use all of the same bibliographic fields but refer to the same author with the string \"idem\" (for male authors) or \"eadem\" (for female author)",
        "type": "unknown"
      },
      "status": "rejected",
      "adjudicated_at": "2026-01-21 16:04:44.818167"
    },
    "cite_8_160128": {
      "id": "cite_8_160128",
      "original": "Ibn Ḥazm, “al-Qirāʾāt al-mašhūrah fī al-amṣār al-ātiyah maǧīʾ al-tawātur,” in Ǧawāmiʿ al-sīrah wa-ḫams rasāʾil uḫrā, ed. Ihsān ʿAbbās and Nāṣir al-Dīn al-Asad (Cairo: Dār al-Maʿārif, 1390/1970), 269–71.",
      "detected_form": "long",
      "detected_type": "monograph",
      "parsed": {
        "raw": "Ibn Ḥazm, “al-Qirāʾāt al-mašhūrah fī al-amṣār al-ātiyah maǧīʾ al-tawātur,” in Ǧawāmiʿ al-sīrah wa-ḫams rasāʾil uḫrā, ed. Ihsān ʿAbbās and Nāṣir al-Dīn al-Asad (Cairo: Dār al-Maʿārif, 1390/1970), 269–71.",
        "type": "monograph",
        "author": "Ibn Ḥazm",
        "title": "“al-Qirāʾāt al-mašhūrah fī al-amṣār al-ātiyah maǧīʾ al-tawātur,” in Ǧawāmiʿ al-sīrah wa-ḫams rasāʾil uḫrā",
        "editor": "Ihsān ʿAbbās and Nāṣir al-Dīn al-Asad",
        "volumes": 1,
        "has_index": false,
        "series": null,
        "series_number": null,
        "place": "Cairo",
        "places": null,
        "publisher": "Dār al-Maʿārif",
        "publishers": null,
        "year_hijri": "1390",
        "year_shamsi": null,
        "year_gregorian": "1970",
        "printing": null,
        "reprints": [],
        "volume_cited": null,
        "page_cited": null,
        "entry_number": null,
        "section": null,
        "notes": null
      },
      "status": "rejected",
      "adjudicated_at": "2026-01-21 16:04:59.153106"
    }
  }
}
